key;pl_title;pl_body;en_title;en_body;es_title;es_body;fr_title;fr_body;de_title;de_body;ro_title;ro_body
Brightness;Jasność;Ustawia podświetlenie ekranu od 10 do 100%. Przeciągnij palcem po kafelku w lewo albo w prawo, a jasność zmienia się od razu, zanim puścisz palec. Stuknięcie w kafelek otwiera duży suwak.\nW motywie Nocnym czytnik używa tej samej wartości, ale ściemnionej do około 70%, żeby w ciemnym pokoju ekran nie raził.\nNiższa jasność to dłuższa praca na baterii.;Brightness;Sets the backlight from 10 to 100%. Drag your finger left or right across the tile and the brightness follows before you lift it. A tap opens the large slider.\nIn the Night theme the reader uses the same value dimmed to about 70%, so the screen doesn't glare in a dark room.\nLower brightness means longer battery life.;Brillo;Ajusta la retroiluminación del 10 al 100%. Desliza el dedo a izquierda o derecha sobre la casilla y el brillo cambia antes de que lo levantes. Un toque abre el deslizador grande.\nEn el tema Noche el lector usa el mismo valor atenuado a un 70%, para que la pantalla no deslumbre en una habitación oscura.\nMenos brillo significa más batería.;Luminosité;Règle le rétroéclairage de 10 à 100 %. Faites glisser le doigt vers la gauche ou la droite sur la tuile : la luminosité suit avant même que vous le leviez. Un appui ouvre le grand curseur.\nAvec le thème Nuit, la liseuse utilise la même valeur réduite à environ 70 %, pour que l'écran n'éblouisse pas dans une pièce sombre.\nMoins de luminosité, c'est plus d'autonomie.;Helligkeit;Stellt die Hintergrundbeleuchtung von 10 bis 100 % ein. Zieh den Finger über die Kachel nach links oder rechts, die Helligkeit folgt sofort, noch bevor du loslässt. Ein Tippen öffnet den großen Regler.\nIm Nacht-Thema nutzt der Reader denselben Wert, aber auf etwa 70 % gedimmt, damit der Bildschirm im dunklen Zimmer nicht blendet.\nWeniger Helligkeit bedeutet längere Akkulaufzeit.;Luminozitate;Setează iluminarea ecranului de la 10 la 100%. Trage degetul spre stânga sau dreapta pe placă și luminozitatea se schimbă înainte să ridici degetul. O atingere deschide glisorul mare.\nÎn tema Noapte cititorul folosește aceeași valoare, redusă la aproximativ 70%, ca ecranul să nu orbească într-o cameră întunecată.\nO luminozitate mai mică înseamnă o baterie care ține mai mult.
Handedness;Prowadnica;Ustawia, po której stronie ekranu stoi prowadnica, czyli miejsce, w którym zatrzymuje się kolorowa litera słowa.\nLewa trzyma ją trochę na lewo od środka (tak jest od początku). Prawa przesuwa ją na środek i bliżej prawej krawędzi. Wybierz tę, przy której oko się nie męczy.\nDokładną pozycję ustawisz w Wygląd czytania > Prowadnica.;Guide;Sets which side of the screen the guide sits on: the spot where the colored letter of each word stops.\nLeft keeps it a little left of the middle (the default). Right moves it to the middle and towards the right edge. Pick the one that is easier on your eyes.\nFine-tune the exact spot under Reading look > Guide.;Guía;Indica en qué lado de la pantalla está la guía: el punto donde se detiene la letra de color de cada palabra.\nIzquierda la deja un poco a la izquierda del centro (por defecto). Derecha la lleva al centro y hacia el borde derecho.\nAjusta la posición exacta en Aspecto de lectura > Guía.;Repère;Choisit de quel côté de l'écran se trouve le repère : l'endroit où s'arrête la lettre colorée de chaque mot.\nGauche le garde un peu à gauche du centre (par défaut). Droite le place au centre, vers le bord droit.\nRéglez la position exacte dans Apparence de lecture > Repère.;Führung;Legt fest, auf welcher Seite die Führung steht: die Stelle, an der der farbige Buchstabe jedes Wortes stehen bleibt.\nLinks hält sie etwas links der Mitte (Standard). Rechts schiebt sie zur Mitte und zum rechten Rand.\nDie genaue Stelle stellst du unter Leseansicht > Führung ein.;Ghid;Alege de ce parte a ecranului stă ghidul: locul unde se oprește litera colorată a fiecărui cuvânt.\nStânga îl ține puțin la stânga centrului (implicit). Dreapta îl mută spre centru și marginea dreaptă.\nPoziția exactă o reglezi în Aspect citire > Ghid.
BatteryStyle;Wskaźnik baterii;Zmienia wygląd baterii wszędzie: na pasku zakładek, na ekranie przed czytaniem i w trakcie czytania.\nIkona + %: mała bateria i obok liczba z procentem.\nLiczba w ikonie: szersza bateria z liczbą w środku, pasek na dole pokazuje poziom.\nSama liczba: tylko liczba, bez ikony i bez znaku %.\nTylko ikona: sama bateria.\nPodczas ładowania obok baterii pojawia się zielona błyskawica.;Battery indicator;Changes how the battery looks everywhere: in the tab rail, on the screen before reading and while reading.\nIcon + %: a small battery with the number next to it.\nNumber in icon: a wider battery with the number inside, a bar along the bottom shows the level.\nNumber only: just the number, no icon and no % sign.\nIcon only: just the battery.\nWhile charging a green lightning bolt appears next to the battery.;Indicador de batería;Cambia el aspecto de la batería en todas partes: en la barra de pestañas, en la pantalla previa a la lectura y durante la lectura.\nIcono + %: una batería pequeña con el número al lado.\nNúmero en icono: una batería más ancha con el número dentro y una barra abajo que muestra el nivel.\nSolo número: solo el número, sin icono ni signo %.\nSolo icono: solo la batería.\nAl cargar aparece un rayo verde junto a la batería.;Indicateur de batterie;Change l'aspect de la batterie partout : dans la barre d'onglets, sur l'écran avant la lecture et pendant la lecture.\nIcône + % : une petite batterie avec le chiffre à côté.\nChiffre dans l'icône : une batterie plus large avec le chiffre dedans, une barre en bas indique le niveau.\nChiffre seul : juste le chiffre, sans icône ni signe %.\nIcône seule : juste la batterie.\nPendant la charge, un éclair vert apparaît à côté de la batterie.;Akkuanzeige;Ändert das Aussehen des Akkus überall: in der Reiterleiste, auf dem Bildschirm vor dem Lesen und beim Lesen.\nSymbol + %: ein kleiner Akku mit der Zahl daneben.\nZahl im Symbol: ein breiterer Akku mit der Zahl darin, ein Balken unten zeigt den Stand.\nNur Zahl: nur die Zahl, ohne Symbol und ohne %-Zeichen.\nNur Symbol: nur der Akku.\nBeim Laden erscheint neben dem Akku ein grüner Blitz.;Indicator baterie;Schimbă felul în care arată bateria peste tot: în bara de file, pe ecranul dinaintea lecturii și în timpul lecturii.\nPictogramă + %: o baterie mică cu numărul alături.\nNumăr în pictogramă: o baterie mai lată cu numărul înăuntru, iar o bară jos arată nivelul.\nDoar număr: doar numărul, fără pictogramă și fără semnul %.\nDoar pictogramă: doar bateria.\nÎn timpul încărcării apare un fulger verde lângă baterie.
Footer;Stopka;Co pokazuje prawy dolny róg ekranu czytania.\nProcent: ile książki masz za sobą.\nCzas rozdziału: ile zostało do końca rozdziału przy obecnym tempie.\nCzas książki: ile zostało do końca książki.\nMożesz to też zmieniać w trakcie pauzy, stukając w ten róg.;Footer;What the bottom right corner of the reading screen shows.\nPercent: how much of the book you have read.\nChapter time: time left in the chapter at your current speed.\nBook time: time left in the whole book.\nYou can also switch it while paused by tapping that corner.;Pie de página;Lo que muestra la esquina inferior derecha de la pantalla de lectura.\nPorcentaje: cuánto del libro has leído.\nTiempo cap.: tiempo que queda del capítulo a tu velocidad actual.\nTiempo libro: tiempo que queda de todo el libro.\nTambién puedes cambiarlo en pausa tocando esa esquina.;Pied de page;Ce qu'affiche le coin inférieur droit de l'écran de lecture.\nPourcentage : la part du livre déjà lue.\nTemps chap. : le temps restant dans le chapitre à votre vitesse actuelle.\nTemps livre : le temps restant pour tout le livre.\nEn pause, vous pouvez aussi changer en touchant ce coin.;Fußzeile;Was die rechte untere Ecke des Lesebildschirms zeigt.\nProzent: wie viel vom Buch du gelesen hast.\nKapitelzeit: Restzeit im Kapitel bei deinem aktuellen Tempo.\nBuchzeit: Restzeit für das ganze Buch.\nIn der Pause kannst du es auch durch Tippen auf diese Ecke wechseln.;Subsol;Ce arată colțul din dreapta jos al ecranului de citire.\nProcent: cât din carte ai citit.\nTimp capitol: timpul rămas din capitol la viteza actuală.\nTimp carte: timpul rămas din toată cartea.\nÎn pauză îl poți schimba și atingând acel colț.
BatteryLabel;Bateria: napis;Co jest napisane przy baterii na ekranie czytania: procent naładowania, szacowany czas pracy albo napięcie ogniwa.\nCzas pracy pojawia się dopiero po kilkunastu minutach używania, bo czytnik musi zobaczyć, jak szybko spada poziom.;Battery label;What the battery label on the reading screen says: charge percent, estimated time left or the cell voltage.\nTime left shows up only after some minutes of use, because the reader has to see how fast the level drops.;Etiqueta de batería;Lo que dice la etiqueta de batería en la pantalla de lectura: porcentaje de carga, tiempo restante estimado o voltaje de la celda.\nEl tiempo restante aparece solo tras unos minutos de uso, porque el lector necesita ver lo rápido que baja el nivel.;Étiquette batterie;Ce qu'indique l'étiquette de batterie sur l'écran de lecture : pourcentage de charge, temps restant estimé ou tension de l'élément.\nLe temps restant n'apparaît qu'après quelques minutes d'utilisation, car la liseuse doit voir à quelle vitesse le niveau baisse.;Akkubeschriftung;Was die Akkuanzeige auf dem Lesebildschirm angibt: Ladestand in Prozent, geschätzte Restzeit oder Zellspannung.\nDie Restzeit erscheint erst nach einigen Minuten Nutzung, weil der Reader erst sehen muss, wie schnell der Stand sinkt.;Etichetă baterie;Ce arată eticheta bateriei pe ecranul de citire: procentul de încărcare, timpul rămas estimat sau tensiunea celulei.\nTimpul rămas apare doar după câteva minute de folosire, pentru că cititorul trebuie să vadă cât de repede scade nivelul.
Screensaver;Wygaszacz;Otwiera ustawienia wygaszacza: który obraz się pokazuje, po ilu minutach bezczynności się włącza i kiedy czytnik sam się wyłączy.;Screensaver;Opens the screensaver settings: which picture shows, after how many idle minutes it starts and when the reader switches itself off.;Salvapantallas;Abre los ajustes del salvapantallas: qué imagen se muestra, tras cuántos minutos sin uso empieza y cuándo se apaga el lector solo.;Économiseur d'écran;Ouvre les réglages de l'économiseur : quelle image s'affiche, après combien de minutes d'inactivité il démarre et quand la liseuse s'éteint d'elle-même.;Bildschirmschoner;Öffnet die Einstellungen des Bildschirmschoners: welches Bild erscheint, nach wie vielen Minuten ohne Nutzung er startet und wann sich der Reader selbst ausschaltet.;Economizor de ecran;Deschide setările economizorului: ce imagine apare, după câte minute de inactivitate pornește și când se oprește singur cititorul.
ReaderBattery;Bateria w czytaniu;Włączone: bateria jest widoczna w prawym górnym rogu także wtedy, gdy słowa lecą.\nWyłączone: w trakcie czytania ekran jest czysty, bateria wraca po pauzie.;Battery while reading;On: the battery stays in the top right corner while words are flashing.\nOff: the screen stays clean while reading, the battery comes back when you pause.;Batería al leer;Activado: la batería queda en la esquina superior derecha mientras pasan las palabras.\nDesactivado: la pantalla queda limpia al leer y la batería vuelve al pausar.;Batterie en lecture;Activé : la batterie reste dans le coin supérieur droit pendant le défilement des mots.\nDésactivé : l'écran reste épuré pendant la lecture, la batterie revient en pause.;Akku beim Lesen;An: Der Akku bleibt oben rechts, während die Wörter laufen.\nAus: Beim Lesen bleibt der Bildschirm frei, der Akku erscheint wieder in der Pause.;Baterie la citire;Pornit: bateria rămâne în colțul din dreapta sus cât timp curg cuvintele.\nOprit: ecranul rămâne curat la citire, iar bateria revine în pauză.
ReaderChapter;Rozdział w czytaniu;Pokazuje nazwę bieżącego rozdziału na dole ekranu także w trakcie czytania. Po wyłączeniu nazwa jest widoczna tylko w pauzie.;Chapter while reading;Shows the current chapter name at the bottom while reading. When off, the name shows only while paused.;Capítulo al leer;Muestra el nombre del capítulo actual abajo mientras lees. Desactivado, el nombre aparece solo en pausa.;Chapitre en lecture;Affiche le nom du chapitre en cours en bas pendant la lecture. Désactivé, le nom n'apparaît qu'en pause.;Kapitel beim Lesen;Zeigt beim Lesen unten den Namen des aktuellen Kapitels. Ausgeschaltet erscheint er nur in der Pause.;Capitol la citire;Arată jos numele capitolului curent în timpul citirii. Când e oprit, numele apare doar în pauză.
ReaderProgress;Procent w czytaniu;Pokazuje postęp w prawym dolnym rogu także w trakcie czytania. Po wyłączeniu widać go tylko w pauzie.;Progress while reading;Shows your progress in the bottom right corner while reading. When off, it shows only while paused.;Progreso al leer;Muestra tu progreso en la esquina inferior derecha mientras lees. Desactivado, aparece solo en pausa.;Progression en lecture;Affiche votre progression dans le coin inférieur droit pendant la lecture. Désactivé, elle n'apparaît qu'en pause.;Fortschritt beim Lesen;Zeigt deinen Fortschritt beim Lesen unten rechts. Ausgeschaltet erscheint er nur in der Pause.;Progres la citire;Arată progresul în colțul din dreapta jos în timpul citirii. Când e oprit, apare doar în pauză.
Language;Język;Język całego menu. Każde stuknięcie przełącza na kolejny: polski, angielski, niemiecki, hiszpański, francuski, rumuński.\nKsiążek to nie zmienia, one zostają w swoim języku.;Language;Language of the whole menu. Each tap moves to the next one: Polish, English, German, Spanish, French, Romanian.\nBooks are not affected, they stay in their own language.;Idioma;Idioma de todo el menú. Cada toque pasa al siguiente: polaco, inglés, alemán, español, francés, rumano.\nLos libros no cambian, siguen en su propio idioma.;Langue;Langue de tout le menu. Chaque appui passe à la suivante : polonais, anglais, allemand, espagnol, français, roumain.\nLes livres ne changent pas, ils restent dans leur langue.;Sprache;Sprache des gesamten Menüs. Jedes Tippen wechselt zur nächsten: Polnisch, Englisch, Deutsch, Spanisch, Französisch, Rumänisch.\nBücher bleiben davon unberührt, sie behalten ihre eigene Sprache.;Limbă;Limba întregului meniu. Fiecare atingere trece la următoarea: poloneză, engleză, germană, spaniolă, franceză, română.\nCărțile nu se schimbă, rămân în limba lor.
HelpHints;Pomoc (?);Włącza okrągłe przyciski ? przy opcjach w ustawieniach. Stuknięcie w ? otwiera taką stronę jak ta, z pełnym opisem opcji.\nGdy znasz już wszystkie ustawienia, wyłącz pomoc, a kafelki staną się szersze.;Help (?);Turns on the round ? buttons next to settings. Tapping a ? opens a page like this one with the full description.\nOnce you know the settings, switch help off and the tiles get wider.;Ayuda (?);Activa los botones redondos ? junto a los ajustes. Al tocar un ? se abre una página como esta con la descripción completa.\nCuando conozcas los ajustes, desactiva la ayuda y las casillas serán más anchas.;Aide (?);Active les boutons ronds ? à côté des réglages. Toucher un ? ouvre une page comme celle-ci avec la description complète.\nQuand vous connaissez les réglages, désactivez l'aide : les tuiles s'élargissent.;Hilfe (?);Schaltet die runden ?-Tasten neben den Einstellungen ein. Ein Tippen auf ? öffnet eine Seite wie diese mit der vollständigen Beschreibung.\nWenn du die Einstellungen kennst, schalte die Hilfe aus, dann werden die Kacheln breiter.;Ajutor (?);Pornește butoanele rotunde ? de lângă setări. Atingerea unui ? deschide o pagină ca aceasta, cu descrierea completă.\nCând cunoști setările, oprește ajutorul și plăcile devin mai late.
NavMode;Tryb nawigacji;Official to domyślny wygląd czytnika: zakładki z boku, kafelki i ekran przed czytaniem.\nPozostałe tryby (Przyciski, Swipe, D-Pad) to starsze układy menu. Są dostępne tylko w trybie zaawansowanym.;Navigation mode;Official is the reader's default look: tabs on the side, tiles and the screen before reading.\nThe other modes (Buttons, Swipe, D-Pad) are older menu layouts, available only in advanced mode.;Modo de navegación;Official es el aspecto predeterminado del lector: pestañas al lado, casillas y la pantalla previa a la lectura.\nLos otros modos (Botones, Swipe, D-Pad) son diseños de menú antiguos, disponibles solo en el modo avanzado.;Mode de navigation;Official est l'apparence par défaut de la liseuse : onglets sur le côté, tuiles et écran avant la lecture.\nLes autres modes (Boutons, Swipe, D-Pad) sont d'anciennes dispositions du menu, disponibles seulement en mode avancé.;Navigationsmodus;Official ist das Standardaussehen des Readers: Reiter an der Seite, Kacheln und der Bildschirm vor dem Lesen.\nDie anderen Modi (Tasten, Swipe, D-Pad) sind ältere Menü-Layouts und nur im erweiterten Modus verfügbar.;Mod de navigare;Official este aspectul implicit al cititorului: file în lateral, plăci și ecranul dinaintea lecturii.\nCelelalte moduri (Butoane, Swipe, D-Pad) sunt aranjamente mai vechi ale meniului, disponibile doar în modul avansat.
SavePointNameMode;Nazwa punktu zapisu;Własna: po dotknięciu zakładki czytnik pyta, czy zostawić domyślną nazwę, czy wpisać swoją na klawiaturze.\nDomyślna: zakładka zapisuje się od razu z nazwą z procentem i rozdziałem, bez pytania.;Save point name;Custom: after tapping the bookmark the reader asks whether to keep the default name or type your own.\nDefault: the bookmark is saved at once with a name made of the percent and the chapter, no questions.;Nombre del marcador;Personalizado: tras tocar el marcador, el lector pregunta si mantener el nombre por defecto o escribir el tuyo.\nPredeterminado: el marcador se guarda al instante con un nombre formado por el porcentaje y el capítulo, sin preguntas.;Nom du signet;Personnalisé : après un appui sur le signet, la liseuse demande s'il faut garder le nom par défaut ou taper le vôtre.\nPar défaut : le signet est enregistré tout de suite avec un nom fait du pourcentage et du chapitre, sans question.;Lesezeichenname;Benutzerdefiniert: Nach dem Tippen auf das Lesezeichen fragt der Reader, ob der Standardname bleibt oder du einen eigenen eingibst.\nStandard: Das Lesezeichen wird sofort gespeichert, mit einem Namen aus Prozent und Kapitel, ohne Rückfrage.;Numele marcajului;Personalizat: după atingerea marcajului, cititorul întreabă dacă păstrezi numele implicit sau scrii unul propriu.\nImplicit: marcajul se salvează imediat, cu un nume format din procent și capitol, fără întrebări.
ReadingMode;Tryb czytania;RSVP pokazuje jedno słowo naraz w tym samym miejscu ekranu. Oko się nie przesuwa, dlatego da się czytać szybciej.\nPrzewijanie pokazuje zwykły tekst, który sam przesuwa się w górę w twoim tempie, z zaznaczonym bieżącym słowem.\nEkran przed czytaniem pokazuje podgląd w wybranym trybie.;Reading mode;RSVP shows one word at a time in the same spot. Your eyes stay still, so you can read faster.\nScroll shows regular text that moves up at your speed, with the current word marked.\nThe screen before reading previews the chosen mode.;Modo de lectura;RSVP muestra una palabra a la vez en el mismo sitio. Tus ojos no se mueven, así que puedes leer más rápido.\nDesplazamiento muestra texto normal que sube a tu velocidad, con la palabra actual marcada.\nLa pantalla previa a la lectura muestra el modo elegido.;Mode de lecture;RSVP affiche un mot à la fois au même endroit. Vos yeux restent immobiles, vous lisez donc plus vite.\nDéfilement affiche un texte normal qui monte à votre vitesse, avec le mot en cours marqué.\nL'écran avant la lecture montre un aperçu du mode choisi.;Lesemodus;RSVP zeigt ein Wort nach dem anderen an derselben Stelle. Deine Augen bleiben ruhig, so liest du schneller.\nScrollen zeigt normalen Text, der in deinem Tempo nach oben läuft, das aktuelle Wort ist markiert.\nDer Bildschirm vor dem Lesen zeigt eine Vorschau des gewählten Modus.;Mod de citire;RSVP arată câte un cuvânt în același loc. Ochii stau pe loc, așa că poți citi mai repede.\nDerularea arată text obișnuit care urcă în ritmul tău, cu cuvântul curent marcat.\nEcranul dinaintea lecturii arată o previzualizare a modului ales.
PauseMode;Pauza;Natychmiast: czytanie zatrzymuje się w chwili dotknięcia.\nNa końcu zdania: czytnik dokańcza bieżące zdanie i dopiero wtedy staje, żeby łatwiej było wrócić do myśli.;Pause;Instant: reading stops the moment you touch the screen.\nAt sentence end: the reader finishes the current sentence and then stops, which makes it easier to pick the thought up again.;Pausa;Instantáneo: la lectura se detiene en cuanto tocas la pantalla.\nOración: el lector termina la oración actual y luego se detiene, así es más fácil retomar la idea.;Pause;Instantané : la lecture s'arrête dès que vous touchez l'écran.\nPhrase : la liseuse termine la phrase en cours puis s'arrête, ce qui aide à reprendre le fil.;Pause;Sofort: Das Lesen stoppt, sobald du den Bildschirm berührst.\nSatz: Der Reader liest den aktuellen Satz zu Ende und hält dann an, so findest du leichter wieder in den Gedanken.;Pauză;Instant: citirea se oprește în clipa în care atingi ecranul.\nPropoziție: cititorul termină propoziția curentă și apoi se oprește, așa că reiei mai ușor firul.
Wpm;Tempo;Ile słów na minutę pokazuje czytnik. Dla większości osób wygodny start to 250-350.\nPrzeciągnij palcem po kafelku, żeby zmieniać płynnie, albo stuknij, żeby otworzyć duży suwak. Tempo zmienisz też na ekranie przed czytaniem przyciskami - i +.\nDodatkowe opóźnienia (długie słowa, złożoność, interpunkcja) są doliczane do tego tempa.;Speed;How many words per minute the reader shows. A comfortable start for most people is 250-350.\nDrag across the tile to change it smoothly or tap to open the large slider. You can also change it on the screen before reading with the - and + buttons.\nThe extra delays (long words, complexity, punctuation) are added on top.;Velocidad;Cuántas palabras por minuto muestra el lector. Para la mayoría, un inicio cómodo es 250-350.\nDesliza sobre la casilla para cambiarla con suavidad o tócala para abrir el deslizador grande. También puedes cambiarla en la pantalla previa con los botones - y +.\nLos retrasos extra (palabras largas, complejidad, puntuación) se suman a esta velocidad.;Vitesse;Combien de mots par minute la liseuse affiche. Pour la plupart, 250-350 est un départ confortable.\nFaites glisser sur la tuile pour la changer en douceur ou touchez pour ouvrir le grand curseur. Vous pouvez aussi la changer sur l'écran avant la lecture avec les boutons - et +.\nLes délais supplémentaires (mots longs, complexité, ponctuation) s'ajoutent par-dessus.;Tempo;Wie viele Wörter pro Minute der Reader zeigt. Für die meisten ist 250-350 ein angenehmer Start.\nWisch über die Kachel, um es stufenlos zu ändern, oder tippe für den großen Regler. Auf dem Bildschirm vor dem Lesen geht es auch mit den Tasten - und +.\nDie Zusatzpausen (lange Wörter, Komplexität, Satzzeichen) kommen noch dazu.;Viteză;Câte cuvinte pe minut arată cititorul. Pentru majoritatea, un început comod este 250-350.\nTrage peste placă pentru a o schimba fin sau atinge pentru glisorul mare. O poți schimba și pe ecranul dinaintea lecturii cu butoanele - și +.\nÎntârzierile suplimentare (cuvinte lungi, complexitate, punctuație) se adaugă peste.
LongWords;Długie słowa;Dodatkowy czas dla długich słów. Im dłuższe słowo, tym więcej z tej wartości dostaje. 0 wyłącza dodatek.\nPomaga przy książkach z długimi, złożonymi wyrazami.;Long words;Extra time for long words. The longer the word, the more of this value it gets. 0 turns it off.\nHelps with books full of long compound words.;Palabras largas;Tiempo extra para palabras largas. Cuanto más larga la palabra, más recibe de este valor. 0 lo desactiva.\nAyuda con libros llenos de palabras compuestas largas.;Mots longs;Temps supplémentaire pour les mots longs. Plus le mot est long, plus il reçoit de cette valeur. 0 désactive.\nUtile pour les livres pleins de longs mots composés.;Lange Wörter;Zusatzzeit für lange Wörter. Je länger das Wort, desto mehr von diesem Wert bekommt es. 0 schaltet es aus.\nHilft bei Büchern voller langer zusammengesetzter Wörter.;Cuvinte lungi;Timp suplimentar pentru cuvintele lungi. Cu cât cuvântul e mai lung, cu atât primește mai mult din această valoare. 0 o dezactivează.\nAjută la cărțile pline de cuvinte compuse lungi.
Complexity;Złożoność;Dodatkowy czas dla słów z cyframi, myślnikami, wielkimi literami w środku i rzadkimi znakami. Takie słowa oko czyta wolniej.;Complexity;Extra time for words with digits, hyphens, capitals in the middle and rare characters. The eye reads those more slowly.;Complejidad;Tiempo extra para palabras con cifras, guiones, mayúsculas en medio y caracteres raros. El ojo las lee más despacio.;Complexité;Temps supplémentaire pour les mots avec chiffres, traits d'union, majuscules au milieu et caractères rares. L'oeil les lit plus lentement.;Komplexität;Zusatzzeit für Wörter mit Ziffern, Bindestrichen, Großbuchstaben in der Mitte und seltenen Zeichen. Das Auge liest sie langsamer.;Complexitate;Timp suplimentar pentru cuvinte cu cifre, cratime, majuscule la mijloc și caractere rare. Ochiul le citește mai încet.
Punctuation;Interpunkcja;Przerwa po przecinku, kropce, wykrzykniku i pytajniku. Działa jak oddech przy czytaniu na głos i pomaga złapać sens zdania.;Punctuation;A pause after commas, full stops, exclamation and question marks. Works like a breath when reading aloud and helps the sentence sink in.;Puntuación;Una pausa tras comas, puntos, signos de exclamación e interrogación. Funciona como una respiración al leer en voz alta y ayuda a asimilar la frase.;Ponctuation;Une pause après les virgules, points, points d'exclamation et d'interrogation. Comme une respiration en lecture à voix haute, elle aide la phrase à s'installer.;Satzzeichen;Eine Pause nach Kommas, Punkten, Ausrufe- und Fragezeichen. Wirkt wie ein Atemzug beim Vorlesen und lässt den Satz wirken.;Punctuație;O pauză după virgule, puncte, semne de exclamare și de întrebare. Funcționează ca o respirație la citirea cu voce tare și ajută fraza să se așeze.
ResetPacing;Przywróć tempo;Ustawia tempo i wszystkie trzy dodatkowe opóźnienia z powrotem na wartości fabryczne.;Reset pacing;Puts the speed and all three extra delays back to the factory values.;Restablecer ritmo;Devuelve la velocidad y los tres retrasos extra a los valores de fábrica.;Réinit. rythme;Remet la vitesse et les trois délais supplémentaires aux valeurs d'usine.;Tempo zurücksetzen;Setzt das Tempo und alle drei Zusatzpausen auf die Werkswerte zurück.;Resetare ritm;Readuce viteza și cele trei întârzieri suplimentare la valorile din fabrică.
ScrollFontSize;Rozmiar tekstu;Wielkość liter w trybie przewijania. Większy tekst to mniej słów w linii.;Text size;Letter size in scroll mode. Bigger text means fewer words per line.;Tamaño del texto;Tamaño de letra en el modo desplazamiento. Texto más grande significa menos palabras por línea.;Taille du texte;Taille des lettres en mode défilement. Un texte plus grand, c'est moins de mots par ligne.;Textgröße;Schriftgröße im Scroll-Modus. Größerer Text bedeutet weniger Wörter pro Zeile.;Mărimea textului;Mărimea literelor în modul derulare. Text mai mare înseamnă mai puține cuvinte pe rând.
ScrollLineSpacing;Odstępy;Odstęp między liniami tekstu w trybie przewijania.;Line spacing;Space between lines in scroll mode.;Interlineado;Espacio entre líneas en el modo desplazamiento.;Interligne;Espace entre les lignes en mode défilement.;Zeilenabstand;Abstand zwischen den Zeilen im Scroll-Modus.;Spațiere rânduri;Spațiul dintre rânduri în modul derulare.
ScrollMargins;Marginesy;Wolne miejsce po lewej i prawej stronie tekstu w trybie przewijania.;Margins;Empty space left and right of the text in scroll mode.;Márgenes;Espacio vacío a izquierda y derecha del texto en el modo desplazamiento.;Marges;Espace vide à gauche et à droite du texte en mode défilement.;Ränder;Leerer Raum links und rechts vom Text im Scroll-Modus.;Margini;Spațiul gol din stânga și dreapta textului în modul derulare.
ScrollAlign;Wyrównanie;Jak linijki układają się na stronie w trybie przewijania.\nDo lewej: równy lewy brzeg, prawy postrzępiony, odstępy między słowami zawsze takie same.\nWyjustowane: oba brzegi równe jak w książce. Czytnik rozciąga odstępy w linijce, ostatnia linijka akapitu zostaje do lewej.\nDo środka: każda linijka na środku ekranu, wygodne przy krótkich tekstach i wierszach.;Alignment;How lines sit on the page in scroll mode.\nLeft: straight left edge, ragged right, word gaps always the same.\nJustified: both edges straight, like a printed book. The reader stretches the gaps in a line, the last line of a paragraph stays left.\nCentered: every line in the middle of the screen, handy for short texts and poems.;Alineación;Cómo se colocan las líneas en el modo desplazamiento.\nIzquierda: borde izquierdo recto, derecho irregular.\nJustificado: ambos bordes rectos, como en un libro. La última línea del párrafo queda a la izquierda.\nCentrado: cada línea en el centro de la pantalla.;Alignement;Disposition des lignes en mode défilement.\nÀ gauche : bord gauche droit, bord droit irrégulier.\nJustifié : les deux bords droits, comme dans un livre. La dernière ligne du paragraphe reste à gauche.\nCentré : chaque ligne au milieu de l'écran.;Ausrichtung;Wie die Zeilen im Scroll-Modus stehen.\nLinks: gerader linker Rand, rechts Flattersatz.\nBlocksatz: beide Ränder gerade wie im Buch. Die letzte Zeile eines Absatzes bleibt links.\nZentriert: jede Zeile in der Bildschirmmitte.;Aliniere;Cum stau rândurile în modul derulare.\nStânga: margine stângă dreaptă, dreapta neregulată.\nJustificat: ambele margini drepte, ca într-o carte. Ultimul rând al paragrafului rămâne la stânga.\nCentrat: fiecare rând în mijlocul ecranului.
ScrollPreview;Podgląd;Pokazuje przykładowy tekst z bieżącymi ustawieniami przewijania.;Preview;Shows sample text with the current scroll settings.;Vista previa;Muestra un texto de ejemplo con los ajustes de desplazamiento actuales.;Aperçu;Affiche un texte d'exemple avec les réglages de défilement actuels.;Vorschau;Zeigt einen Beispieltext mit den aktuellen Scroll-Einstellungen.;Previzualizare;Arată un text de probă cu setările actuale de derulare.
SaverStyle;Styl wygaszacza;Obraz, który pokazuje się, gdy nie używasz czytnika. Każde dotknięcie przełącza na następny styl. Książka: okładka i postęp bieżącej książki, powoli przesuwa się po ekranie. Słowa: tekst twojej książki od miejsca, w którym skończyłeś, płynie w trzech pasach. Fale: spokojne linie w kolorze akcentu. Życie, Labirynt i Voronoi to animacje z kratek. Wyłączony ekran oszczędza baterię najbardziej. Wygaszacz używa kolorów z palety menu wybranej w Motywach.;Screensaver style;The picture shown while the reader is idle. Each tap switches to the next style. Book: the current book's cover and progress, drifting slowly. Words: your book's text from where you stopped, gliding in three lanes. Waves: calm lines in the accent color. Life, Maze and Voronoi are cell animations. Screen off saves the most battery. It uses the colors of the menu palette chosen in Themes.;Estilo de salvapantallas;La imagen que aparece cuando el lector está inactivo. Cada toque pasa al siguiente estilo. Libro: la portada y el progreso del libro actual, moviéndose despacio. Palabras: el texto de tu libro desde donde paraste, deslizándose en tres carriles. Olas: líneas tranquilas en el color de acento. Vida, Laberinto y Voronoi son animaciones de celdas. Apagar pantalla ahorra más batería. Usa los colores de la paleta del menú elegida en Temas.;Style d'économiseur;L'image affichée quand la liseuse est inactive. Chaque appui passe au style suivant. Livre : la couverture et la progression du livre en cours, qui dérivent lentement. Mots : le texte de votre livre depuis l'endroit où vous vous êtes arrêté, qui glisse sur trois voies. Vagues : des lignes calmes dans la couleur d'accent. Vie, Labyrinthe et Voronoi sont des animations de cellules. Écran éteint économise le plus la batterie. Les couleurs viennent de la palette du menu choisie dans Thèmes.;Schonerstil;Das Bild, das erscheint, wenn der Reader ruht. Jedes Tippen wechselt zum nächsten Stil. Buch: Cover und Fortschritt des aktuellen Buches, die langsam wandern. Wörter: der Text deines Buches ab der Stelle, an der du aufgehört hast, in drei Bahnen gleitend. Wellen: ruhige Linien in der Akzentfarbe. Leben, Labyrinth und Voronoi sind Zellanimationen. Bildschirm aus spart am meisten Akku. Die Farben stammen aus der Menüpalette unter Themen.;Stil economizor;Imaginea afișată când cititorul stă nefolosit. Fiecare atingere trece la stilul următor. Carte: coperta și progresul cărții curente, care plutesc încet. Cuvinte: textul cărții de unde te-ai oprit, alunecând pe trei benzi. Valuri: linii liniștite în culoarea de accent. Viață, Labirint și Voronoi sunt animații cu celule. Ecran oprit economisește cel mai mult bateria. Folosește culorile paletei de meniu alese în Teme.
SaverTimeout;Po jakim czasie;Po ilu minutach bez dotyku włącza się wygaszacz. Działa w menu i w pauzie, nigdy w trakcie czytania.;Start after;How many minutes without touch before the screensaver starts. Works in the menu and while paused, never while reading.;Empezar tras;Cuántos minutos sin tocar antes de que empiece el salvapantallas. Funciona en el menú y en pausa, nunca durante la lectura.;Démarrer après;Combien de minutes sans toucher avant le démarrage de l'économiseur. Fonctionne dans le menu et en pause, jamais pendant la lecture.;Starten nach;Wie viele Minuten ohne Berührung, bis der Bildschirmschoner startet. Gilt im Menü und in der Pause, nie beim Lesen.;Pornește după;Câte minute fără atingere până pornește economizorul. Funcționează în meniu și în pauză, niciodată în timpul citirii.
SaverAutoOff;Wyłącz po;Po ilu minutach wygaszacza czytnik sam się wyłącza, żeby nie rozładować baterii w torbie. Nigdy = wygaszacz działa, dopóki go nie obudzisz.;Power off after;How many minutes of screensaver before the reader switches itself off, so the battery doesn't drain in a bag. Never = the screensaver runs until you wake it.;Apagar tras;Cuántos minutos de salvapantallas antes de que el lector se apague solo, para que la batería no se agote en la mochila. Nunca = el salvapantallas sigue hasta que lo despiertes.;Éteindre après;Combien de minutes d'économiseur avant que la liseuse s'éteigne d'elle-même, pour que la batterie ne se vide pas dans un sac. Jamais = l'économiseur tourne jusqu'à ce que vous le réveilliez.;Ausschalten nach;Wie viele Minuten Bildschirmschoner, bis sich der Reader selbst ausschaltet, damit sich der Akku in der Tasche nicht leert. Nie = der Schoner läuft, bis du ihn weckst.;Oprește după;Câte minute de economizor până se oprește singur cititorul, ca bateria să nu se golească în geantă. Niciodată = economizorul merge până îl trezești.
SaverSleepGuard;Czuwanie w czytaniu;Jeśli w trakcie czytania przez tyle minut nie dotkniesz ekranu, czytnik uzna, że zasnąłeś: zatrzyma książkę, zapamięta miejsce i włączy wygaszacz.;Sleep guard;If you don't touch the screen for this many minutes while reading, the reader assumes you fell asleep: it stops, remembers the place and starts the screensaver.;Protección de sueño;Si no tocas la pantalla durante estos minutos mientras lees, el lector supone que te has dormido: se detiene, recuerda el sitio y pone el salvapantallas.;Protection sommeil;Si vous ne touchez pas l'écran pendant ce nombre de minutes en lisant, la liseuse suppose que vous vous êtes endormi : elle s'arrête, retient l'endroit et lance l'économiseur.;Schlafschutz;Wenn du beim Lesen so viele Minuten den Bildschirm nicht berührst, nimmt der Reader an, dass du eingeschlafen bist: Er hält an, merkt sich die Stelle und startet den Bildschirmschoner.;Protecție somn;Dacă nu atingi ecranul atâtea minute în timp ce citești, cititorul presupune că ai adormit: se oprește, reține locul și pornește economizorul.
SaverPreview;Podgląd wygaszacza;Włącza wygaszacz od razu, żeby zobaczyć, jak wygląda. Obudzisz czytnik przyciskiem.;Screensaver preview;Starts the screensaver right away so you can see it. Wake the reader with a button.;Vista previa del salvapantallas;Inicia el salvapantallas ahora para que lo veas. Despierta el lector con un botón.;Aperçu de l'économiseur;Lance l'économiseur tout de suite pour le voir. Réveillez la liseuse avec un bouton.;Schoner-Vorschau;Startet den Bildschirmschoner sofort, damit du ihn siehst. Weck den Reader mit einer Taste.;Previzualizare economizor;Pornește economizorul imediat ca să-l vezi. Trezește cititorul cu un buton.
HomePacing;Tempo i pauzy;Tryb czytania (RSVP albo przewijanie), tempo w słowach na minutę i dodatkowe przerwy dla trudnych słów i interpunkcji.;Speed and pauses;Reading mode (RSVP or scroll), words per minute and extra pauses for hard words and punctuation.;Velocidad y pausas;Modo de lectura (RSVP o desplazamiento), palabras por minuto y pausas extra para palabras difíciles y puntuación.;Vitesse et pauses;Mode de lecture (RSVP ou défilement), mots par minute et pauses supplémentaires pour les mots difficiles et la ponctuation.;Tempo & Pausen;Lesemodus (RSVP oder Scrollen), Wörter pro Minute und Zusatzpausen für schwierige Wörter und Satzzeichen.;Viteză și pauze;Modul de citire (RSVP sau derulare), cuvinte pe minut și pauze suplimentare pentru cuvinte grele și punctuație.
HomeTypography;Typografia;Krój pisma książki, rozmiar, odstępy między literami, miejsce kotwicy i linie prowadzące na ekranie czytania.;Typography;The book typeface, size, letter spacing, anchor position and the guide lines on the reading screen.;Tipografía;La fuente del libro, el tamaño, el espaciado de letras, la posición del ancla y las líneas guía de la pantalla de lectura.;Typographie;La police du livre, la taille, l'espacement des lettres, la position de l'ancre et les lignes guides de l'écran de lecture.;Typografie;Die Buchschrift, Größe, Buchstabenabstand, Ankerposition und die Hilfslinien auf dem Lesebildschirm.;Tipografie;Fontul cărții, mărimea, spațierea literelor, poziția ancorei și liniile de ghidaj de pe ecranul de citire.
HomeDisplay;Wyświetlacz;Jasność, orientacja, wskaźnik baterii, co widać w trakcie czytania i język menu.;Display;Brightness, orientation, battery indicator, what shows while reading and the menu language.;Pantalla;Brillo, orientación, indicador de batería, lo que se ve al leer y el idioma del menú.;Affichage;Luminosité, orientation, indicateur de batterie, ce qui s'affiche pendant la lecture et la langue du menu.;Anzeige;Helligkeit, Ausrichtung, Akkuanzeige, was beim Lesen zu sehen ist und die Menüsprache.;Afișaj;Luminozitate, orientare, indicator baterie, ce se vede la citire și limba meniului.
HomeAdvanced;Tryb zaawansowany;Odsłania rzeczy dla ciekawskich: zakładkę Pluginy, presety ustawień, starsze tryby nawigacji i ręczne sprawdzanie aktualizacji.\nNic się nie psuje, gdy go wyłączysz. Czytnik wraca wtedy do trybu Official.;Advanced mode;Reveals extras: the Plugins tab, setting presets, the older navigation modes and manual update checks.\nNothing breaks when you switch it off, the reader just goes back to Official mode.;Modo avanzado;Muestra extras: la pestaña Plugins, los preajustes, los modos de navegación antiguos y la búsqueda manual de actualizaciones.\nNada se rompe al desactivarlo, el lector solo vuelve al modo Official.;Mode avancé;Affiche des extras : l'onglet Plugins, les préréglages, les anciens modes de navigation et la recherche manuelle de mises à jour.\nRien ne casse en le désactivant, la liseuse revient simplement au mode Official.;Erweiterter Modus;Blendet Extras ein: den Reiter Plugins, Voreinstellungen, die älteren Navigationsmodi und die manuelle Update-Suche.\nBeim Ausschalten geht nichts kaputt, der Reader kehrt einfach zum Modus Official zurück.;Mod avansat;Arată opțiuni în plus: fila Pluginuri, presetările, modurile de navigare mai vechi și căutarea manuală de actualizări.\nNimic nu se strică la oprire, cititorul revine doar la modul Official.
HomePresets;Presety;Zapisuje cały zestaw ustawień czytania pod jedną nazwą, żeby jednym stuknięciem przełączać się np. między szybkim czytaniem a spokojną lekturą wieczorem.;Presets;Saves a whole set of reading settings under one name, so one tap switches between, say, fast reading and a calm evening session.;Preajustes;Guarda un conjunto completo de ajustes de lectura con un nombre, para cambiar con un toque entre, por ejemplo, lectura rápida y una sesión tranquila de noche.;Préréglages;Enregistre tout un ensemble de réglages de lecture sous un nom, pour passer d'un appui, par exemple, d'une lecture rapide à une soirée calme.;Voreinstellungen;Speichert einen ganzen Satz Leseeinstellungen unter einem Namen, damit du mit einem Tippen zwischen zum Beispiel schnellem Lesen und einem ruhigen Abend wechselst.;Presetări;Salvează un set întreg de setări de citire sub un nume, ca să treci dintr-o atingere între, de exemplu, citire rapidă și o seară liniștită.
