key;pl;en;es;fr;de;ro
TrKey.LoadingBook;Wczytywanie książki;Loading book;Cargando libro;Chargement du livre;Buch laden;Se încarcă cartea
TrKey.PreparingSD;Przygotowuję SD;Preparing SD;Preparando SD;Préparation SD;SD vorbereiten;Pregătire SD
TrKey.EjectWhenDone;Wysuń po skończeniu;Eject when done;Expulsar al terminar;Éjecter une fois fini;Auswerfen wenn fertig;Scoate când e gata
TrKey.LowBattery;NISKA BATERIA;LOW BATTERY;BATERÍA BAJA;BATTERIE FAIBLE;AKKU SCHWACH;BATERIE SLABA
TrKey.PoweringOff;Wyłączam;Powering off;Apagando;Extinction;Ausschalten;Se oprește
TrKey.ChargeSoon; naładuj wkrótce; charge soon; cargue pronto; rechargez bientôt; bald laden; încărcați curând
TrKey.Remaining;% zostało;% remaining;% restante;% restant;% verbleibend;% rămas
TrKey.Connectivity;Połączenia;Connectivity;Conectividad;Connectivité;Verbindungen;Conectivitate
TrKey.AboutHelp;Informacje;About / Help;Información;Informations;Info / Hilfe;Informații
TrKey.WifiAdvanced;Wi-Fi (zaaw.);Wi-Fi (advanced);Wi-Fi (avanzado);Wi-Fi (avancé);Wi-Fi (erweitert);Wi-Fi (avansat)
TrKey.PhoneSync;Sync z tel.: ;Phone sync: ;Sync móvil: ;Sync tél. : ;Handy-Sync: ;Sync telefon: 
TrKey.TurnOnToSeeWifi;    (włącz, aby zobaczyć kod Wi-Fi);    (turn on to see Wi-Fi code);    (active para ver código Wi-Fi);    (activer pour voir code Wi-Fi);    (einschalten für Wi-Fi-Code);    (porniți pt. cod Wi-Fi)
TrKey.HomeWifi;Wi-Fi domowe: ;Home Wi-Fi: ;Wi-Fi hogar: ;Wi-Fi maison: ;Heim-Wi-Fi: ;Wi-Fi acasă: 
TrKey.NotSet;Brak;Not set;Sin config.;Non défini;Nicht gesetzt;Nesetat
TrKey.Connected;POŁĄCZONY;CONNECTED;CONECTADO;CONNECTÉ;VERBUNDEN;CONECTAT
TrKey.Version;Wersja: ;Version: ;Versión: ;Version : ;Version: ;Versiune: 
TrKey.BrandLabel;Marka: Flower (Czytnik01);Brand: Flower (Czytnik01);Marca: Flower (Czytnik01);Marque: Flower (Czytnik01);Marke: Flower (Czytnik01);Marca: Flower (Czytnik01)
TrKey.PhoneAppLabel;Aplikacja: grkarol.github.io/czytnik01/app;Phone app: grkarol.github.io/czytnik01/app;App móvil: grkarol.github.io/czytnik01/app;App tél. : grkarol.github.io/czytnik01/app;Handy-App: grkarol.github.io/czytnik01/app;Aplicație: grkarol.github.io/czytnik01/app
TrKey.DevModeOn;Tryb dev: WŁ (wyłącz);Developer mode: ON (turn off);Modo dev: ON (desactivar);Mode dev : ON (désactiver);Dev-Modus: AN (ausschalten);Mod dev: ON (dezactivează)
TrKey.ReaderHand;Dłoń: ;Reader hand: ;Mano: ;Main: ;Hand: ;Mână: 
TrKey.FooterLabel;Stopka: ;Footer label: ;Pie: ;Pied: ;Fußzeile: ;Subsol: 
TrKey.BatteryLabel;Bateria: ;Battery label: ;Batería: ;Batterie: ;Akku: ;Baterie: 
TrKey.Screensaver;Wygaszacz: ;Screensaver: ;Salvapant.: ;Écran veille : ;Bildschirmsch.: ;Protector ecran: 
TrKey.ReadingBattery;Bateria w czyt.: ;Reading battery: ;Batería en lect.: ;Batterie en lect.: ;Akku beim Lesen: ;Baterie în citire: 
TrKey.ReadingChapter;Rozdz. w czyt.: ;Reading chapter: ;Cap. en lect.: ;Chap. en lect.: ;Kapitel beim Lesen: ;Capitol în citire: 
TrKey.ReadingPercent;Procent w czyt.: ;Reading percent: ;Porcent. en lect.: ;Pourcent. en lect.: ;Prozent beim Lesen: ;Procent în citire: 
TrKey.PauseBehaviour;Pauza: ;Pause behaviour: ;Pausa: ;Pause: ;Pause: ;Pauză: 
TrKey.BaseSpeed;Tempo: ;Base speed: ;Velocidad: ;Vitesse: ;Tempo: ;Viteză: 
TrKey.Network;Sieć: ;Network: ;Red: ;Réseau : ;Netzwerk: ;Rețea: 
TrKey.ChooseNetwork;Wybierz sieć;Choose network;Elegir red;Choisir un réseau;Netzwerk wählen;Alege rețeaua
TrKey.ForgetNetwork;Zapomnij sieć;Forget network;Olvidar red;Oublier le réseau;Netzwerk vergessen;Uită rețeaua
TrKey.FirmwareUpdate;Aktualizacja firmware;Firmware update;Actualizar firmware;Mise à jour firmware;Firmware-Update;Actualizare firmware
TrKey.Instant;Natychm.;Instant;Instantáneo;Instantané;Sofort;Instant
TrKey.Sentence;Zdanie;Sentence;Oración;Phrase;Satz;Propoziție
TrKey.LeftHand;Lewa;Left;Izquierda;Gauche;Links;Stânga
TrKey.RightHand;Prawa;Right;Derecha;Droite;Rechts;Dreapta
TrKey.ChapterTime;Czas rozdz.;Chapter time;Tiempo cap.;Temps chap.;Kapitelzeit;Timp capitol
TrKey.BookTime;Czas książki;Book time;Tiempo libro;Temps livre;Buchzeit;Timp carte
TrKey.PercentRead;Procent;Percent read;Porcentaje;Pourcentage;Prozent;Procent
TrKey.TimeRemaining;Czas pracy;Time remaining;Tiempo restante;Temps restant;Restzeit;Timp rămas
TrKey.Voltage;Napięcie;Voltage;Voltaje;Tension;Spannung;Tensiune
TrKey.Percentage;Procent;Percentage;Porcentaje;Pourcentage;Prozent;Procent
TrKey.Maze;Labirynt;Maze;Laberinto;Labyrinthe;Labyrinth;Labirint
TrKey.ScreenOff;Wyłącz;Screen off;Apagar pant.;Écran éteint;Bildschirm aus;Ecran oprit
TrKey.Life;Życie;Life;Vida;Vie;Leben;Viață
TrKey.StartingWifi;Włączam Wi-Fi;Starting Wi-Fi;Iniciando Wi-Fi;Démarrage Wi-Fi;Wi-Fi starten;Pornire Wi-Fi
TrKey.CouldNotStart;Nie udało się;Could not start;No se pudo iniciar;Échec du démarrage;Start fehlgeschlagen;Nu s-a putut porni
TrKey.Returning;Wracam;Returning;Volviendo;Retour;Zurück;Revenire
TrKey.Stopping;Zatrzymuję;Stopping;Deteniendo;Arrêt;Stoppen;Se oprește
TrKey.PleaseWait;Czekaj;Please wait;Espere;Patientez;Bitte warten;Așteptați
TrKey.WifiNotSet;Brak Wi-Fi;Wi-Fi not set;Wi-Fi no config.;Wi-Fi non défini;Wi-Fi nicht gesetzt;Wi-Fi nesetat
TrKey.SettingsWifi;Ustawienia -> Wi-Fi;Settings -> Wi-Fi;Ajustes -> Wi-Fi;Réglages -> Wi-Fi;Optionen -> Wi-Fi;Setări -> Wi-Fi
TrKey.Restarting;Restartuję;Restarting;Reiniciando;Redémarrage;Neustart;Repornire
TrKey.Yes;Tak;On;Sí;Oui;Ja;Da
TrKey.No;Nie;Off;No;Non;Nein;Nu
TrKey.ScreensaverTimeout;Czas wygaszacza: ;Timeout: ;Tiempo: ;Délai : ;Wartezeit: ;Timp: 
TrKey.ScreensaverAutoOff;Auto-wyłącz: ;Auto power-off: ;Auto-apagar: ;Auto-éteindre : ;Auto-aus: ;Auto-oprire: 
TrKey.ScreensaverSleepGuard;Ochrona snu: ;Sleep guard: ;Protec. sueño: ;Protec. sommeil: ;Schlafschutz: ;Protecție somn: 
TrKey.ScreensaverStyle;Styl: ;Style: ;Estilo: ;Style: ;Stil: ;Stil: 
TrKey.ScreensaverPreview;>> Podgląd <<;>> Preview <<;>> Vista previa <<;>> Aperçu <<;>> Vorschau <<;>> Previz. <<
TrKey.SaverWords;Słowa;Words;Palabras;Mots;Wörter;Cuvinte
TrKey.SaverWaves;Fale;Waves;Olas;Vagues;Wellen;Valuri
TrKey.ScreensaverHint;Naciśnij przycisk, by wybudzić;Press button to wake;Pulsa un botón para despertar;Appuyez pour réveiller;Taste drücken zum Aufwecken;Apasă un buton pt. trezire
TrKey.Minutes1;1 min;1 min;1 min;1 min;1 Min;1 min
TrKey.Minutes2;2 min;2 min;2 min;2 min;2 Min;2 min
TrKey.Minutes3;3 min;3 min;3 min;3 min;3 Min;3 min
TrKey.Minutes5;5 min;5 min;5 min;5 min;5 Min;5 min
TrKey.Minutes10;10 min;10 min;10 min;10 min;10 Min;10 min
TrKey.Minutes15;15 min;15 min;15 min;15 min;15 Min;15 min
TrKey.Minutes20;20 min;20 min;20 min;20 min;20 Min;20 min
TrKey.Minutes30;30 min;30 min;30 min;30 min;30 Min;30 min
TrKey.Never;Nigdy;Never;Nunca;Jamais;Nie;Niciodată
TrKey2.Books;Książki;Books;Libros;Livres;Bücher;Cărți
TrKey2.Articles;Artykuły;Articles;Artículos;Articles;Artikel;Articole
TrKey2.FocusTimer;Klepsydra;Focus Timer;Temporizador;Minuteur;Fokus-Timer;Cronometru
TrKey2.SdCardCheck;Sprawdź kartę SD;SD card check;Verificar SD;Vérifier la carte SD;SD-Karte prüfen;Verificare card SD
TrKey2.RssFeeds;Kanały RSS;RSS feeds;Fuentes RSS;Flux RSS;RSS-Feeds;Fluxuri RSS
TrKey2.CompanionSync;Sync z telefonem;Companion sync;Sync con móvil;Sync téléphone;Handy-Sync;Sync telefon
TrKey2.RepairFolders;Naprawić foldery?;Repair folders?;¿Reparar carpetas?;Réparer les dossiers ?;Ordner reparieren?;Repari folderele?
TrKey2.NotNow;Nie teraz;Not now;Ahora no;Pas maintenant;Nicht jetzt;Nu acum
TrKey2.CreateFolders;Utwórz foldery;Create folders;Crear carpetas;Créer les dossiers;Ordner erstellen;Creează foldere
TrKey2.UpdateAvailable;Dostępna aktualizacja;Update available;Actualización disponible;Mise à jour disponible;Update verfügbar;Actualizare disponibilă
TrKey2.SkipForNow;Pomiń;Skip for now;Omitir;Ignorer;Überspringen;Sari peste
TrKey2.Update;Aktualizuj;Update;Actualizar;Mettre à jour;Aktualisieren;Actualizează
TrKey2.CredentialsCleared;Dane usunięte;Credentials cleared;Credenciales borradas;Identifiants effacés;Zugangsdaten gelöscht;Credențiale șterse
TrKey2.NoNetworksFound;Brak sieci;No networks found;Sin redes;Aucun réseau;Keine Netzwerke;Nicio rețea găsită
TrKey2.NetworkSaved;Sieć zapisana;Network saved;Red guardada;Réseau enregistré;Netzwerk gespeichert;Rețea salvată
TrKey2.PasswordRequired;Wymagane hasło;Password required;Contraseña requerida;Mot de passe requis;Passwort erforderlich;Parola necesara
TrKey2.ConnectingToNetwork;Łączenie...;Connecting...;Conectando...;Connexion...;Verbinde...;Se conectează...
TrKey2.ConnectFailedCheckPassword;Nie udało się połączyć. Sprawdź hasło.;Could not connect. Check the password.;No se pudo conectar. Revisa la contraseña.;Échec de connexion. Vérifiez le mot de passe.;Verbindung fehlgeschlagen. Passwort prüfen.;Conectare eșuată. Verifică parola.
TrKey2.ResetToDefault;Przywrócono domyślne;Reset to default;Restablecido;Réinitialisé;Zurückgesetzt;Resetat la implicit
TrKey2.OwnerSaved;Zapisano;Owner saved;Guardado;Enregistré;Gespeichert;Salvat
TrKey2.CheckingFeeds;Sprawdzam kanały;Checking feeds;Verificando fuentes;Vérification des flux;Feeds prüfen;Verificare fluxuri
TrKey2.Starting;Uruchamiam;Starting;Iniciando;Démarrage;Starten;Pornire
TrKey2.FoldersMissing;Brak folderów;Folders missing;Faltan carpetas;Dossiers manquants;Ordner fehlen;Foldere lipsa
TrKey2.ConfirmRepair;Potwierdź naprawę;Confirm repair;Confirmar reparación;Confirmer la réparation;Reparatur bestätigen;Confirma repararea
TrKey2.RepairingFolders;Naprawiam foldery;Repairing folders;Reparando carpetas;Réparation des dossiers;Ordner reparieren;Reparare foldere
TrKey2.FolderRepairFailed;Naprawa nieudana;Folder repair failed;Reparación fallida;Réparation échouée;Reparatur fehlgeschlagen;Reparare eșuată
TrKey2.FormatFat32;Sformatuj FAT32 MBR;Format FAT32 MBR;Formatear FAT32 MBR;Formater FAT32 MBR;FAT32 MBR formatieren;Formatează FAT32 MBR
TrKey2.FoldersRepaired;Foldery naprawione;Folders repaired;Carpetas reparadas;Dossiers réparés;Ordner repariert;Foldere reparate
TrKey2.CheckingCard;Sprawdzam kartę;Checking card;Verificando tarjeta;Vérification de la carte;Karte prüfen;Verificare card
TrKey2.SdNotReady;SD niegotowa;SD not ready;SD no lista;SD non prête;SD nicht bereit;SD nu e gata
TrKey2.CopyBooksNow;Kopiuj książki;Copy books now;Copie libros ahora;Copiez livres;Bücher kopieren;Copiați cărțile
TrKey2.EjectThenHoldPwr;Wysuń i przytrzymaj PWR;Eject then hold PWR;Expulsar, mantener PWR;Éjecter puis maintenir PWR;Auswerfen, PWR halten;Scoate și ține PWR
TrKey2.RemountingSd;Ponowne montowanie SD;Remounting SD;Remontando SD;Remontage SD;SD neu einbinden;Remontare SD
TrKey2.ReleasePwr;Puść PWR;Release PWR;Suelte PWR;Relâcher PWR;PWR loslassen;Eliberează PWR
TrKey2.HoldPwrToStart;Przytrzymaj PWR, aby włączyć;Hold PWR to start;Mantenga PWR para iniciar;Maintenir PWR pour démarrer;PWR halten zum Starten;Ține PWR pt. pornire
TrKey2.PluginLibrary;Biblioteka funkcji;Function library;Biblioteca de funciones;Bibliothèque de fonctions;Funktionsbibliothek;Biblioteca de funcții
TrKey2.PluginInstalled;[zainstalowany];[installed];[instalado];[installé];[installiert];[instalat]
TrKey2.PluginInstall;Zainstaluj: ;Install: ;Instalar: ;Installer: ;Installieren: ;Instalează: 
TrKey2.PluginRemove;Usuń: ;Remove: ;Quitar: ;Retirer: ;Entfernen: ;Elimina: 
TrKey2.PluginBuiltIn;Wbudowany;Built-in;Integrado;Intégré;Eingebaut;Integrat
TrKey2.PluginCannotRemove;Nie można usunąć;Cannot remove;No se puede quitar;Impossible de retirer;Kann nicht entfernt werden;Nu se poate elimina
TrKey2.PluginInstalling;Instalowanie...;Installing...;Instalando...;Installation...;Installiere...;Se instalează...
TrKey2.PluginRemoving;Usuwanie...;Removing...;Quitando...;Retrait...;Entferne...;Se elimină...
TrKey2.PluginRestartRequired;Restart za chwilę...;Restarting...;Reiniciando...;Redémarrage...;Neustart...;Repornire...
TrKey2.PluginNoWifi;Wymagane Wi-Fi;Wi-Fi required;Wi-Fi requerido;Wi-Fi requis;Wi-Fi erforderlich;Wi-Fi necesar
TrKey2.PluginFetchFailed;Błąd pobierania;Download failed;Error de descarga;Erreur de téléchargement;Download fehlgeschlagen;Eroare descărcare
TrKey2.PluginInstallFailed;Instalacja nieudana;Install failed;Instalación fallida;Échec de l'installation;Installation fehlgeschlagen;Instalare eșuată
TrKey2.PluginRemoveFailed;Usuwanie nieudane;Remove failed;Error al quitar;Échec du retrait;Entfernen fehlgeschlagen;Eliminare eșuată
TrKey2.PluginLaunch;Uruchom;Launch;Ejecutar;Lancer;Starten;Lansează
TrKey2.PluginDownloading;Pobieranie...;Downloading...;Descargando...;Téléchargement...;Herunterladen...;Descarcă...
TrKey2.PluginFetchingRegistry;Pobieranie listy...;Fetching list...;Obteniendo lista...;Chargement liste...;Liste laden...;Încărcare listă...
TrKey2.PluginUpdate;[aktualizacja];[update];[actualizar];[mise à jour];[aktualisieren];[actualizare]
TrKey2.PluginNotYetAvailable;Wkrótce dostępny;Coming soon;Disponible pronto;Bientôt disponible;Bald verfügbar;Disponibil curând
TrKey3.SavePointAdded;Punkt zapisu dodany;Save point added;Punto guardado agregado;Point de sauvegarde ajouté;Lesezeichen hinzugefügt;Punct salvat adăugat
TrKey3.NameBookmark;Nazwij zakładkę;Name bookmark;Nombra el marcador;Nommer le signet;Lesezeichen benennen;Numește marcajul
TrKey3.EnterNamePrompt;Wpisz nazwę:;Enter name:;Escribe nombre:;Entrez le nom :;Namen eingeben:;Introdu numele:
TrKey3.BookmarkAdded;Zakładka dodana;Bookmark added;Marcador agregado;Signet ajouté;Lesezeichen hinzugefügt;Marcaj adăugat
TrKey3.ReadingSettings;Czytanie;Reading;Lectura;Lecture;Lesen;Citire
TrKey3.AdvancedModeColon;Tryb zaawansowany: ;Advanced mode: ;Modo avanzado: ;Mode avancé : ;Erweiterter Modus: ;Mod avansat: 
TrKey3.PresetsLabel;Presety;Presets;Preajustes;Préréglages;Voreinstellungen;Presetări
TrKey3.TutorialLabel;Samouczek;Tutorial;Tutorial;Tutoriel;Anleitung;Tutorial
TrKey3.ColorRed;Czerwony;Red;Rojo;Rouge;Rot;Roșu
TrKey3.ColorBlue;Niebieski;Blue;Azul;Bleu;Blau;Albastru
TrKey3.ColorGreen;Zielony;Green;Verde;Vert;Grün;Verde
TrKey3.ColorYellow;Żółty;Yellow;Amarillo;Jaune;Gelb;Galben
TrKey3.ColorOrange;Pomarańczowy;Orange;Naranja;Orange;Orange;Portocaliu
TrKey3.ColorPurple;Fioletowy;Purple;Morado;Violet;Violett;Violet
TrKey3.SaveBtnColon;Przycisk zapisu: ;Save btn: ;Botón guardar: ;Bouton sauveg. : ;Speicherbtn.: ;Buton salvare:
TrKey3.FocusColorColon;Kolor litery: ;Focus color: ;Color letra: ;Couleur lettre : ;Buchstabenfarbe: ;Culoare literă:
TrKey3.HelpQColon;Pomoc (?): ;Help (?): ;Ayuda (?): ;Aide (?) : ;Hilfe (?): ;Ajutor (?):
TrKey3.NavigationColon;Nawigacja: ;Navigation: ;Navegación: ;Navigation : ;Navigation: ;Navigare:
TrKey3.TutorialRsvpDesc;Słowa jedno po drugim. Litera ORP kieruje wzrok.;Words one at a time. ORP letter guides your eye.;Palabras una por una. La letra ORP guía tu vista.;Mots un par un. La lettre ORP guide votre regard.;Wörter eins nach dem anderen. Der ORP-Buchstabe führt den Blick.;Cuvinte unul câte unul. Litera ORP îți ghidează privirea.
TrKey3.SpeedLabel;Tempo;Speed;Velocidad;Vitesse;Tempo;Viteză
TrKey3.TutorialSpeedDesc;Przytrzymaj + góra/dół: zmiana prędkości.;Hold + up/down: change speed.;Mantén + arriba/abajo: cambia la velocidad.;Maintenir + haut/bas : change la vitesse.;Halten + hoch/runter: Tempo ändern.;Ține apăsat + sus/jos: schimbă viteza.
TrKey3.PauseLabel;Pauza;Pause;Pausa;Pause;Pause;Pauză
TrKey3.TutorialPauseDesc;Dotknij ekranu, by pauzować/wznowić.;Tap screen to pause/resume.;Toca la pantalla para pausar/reanudar.;Touchez l'écran pour pause/reprise.;Bildschirm berühren zum Pausieren/Fortsetzen.;Atinge ecranul pentru pauză/reluare.
TrKey3.TutorialMenuDesc;Przycisk z boku otwiera menu.;Side button opens the menu.;El botón lateral abre el menú.;Le bouton latéral ouvre le menu.;Seitentaste öffnet das Menü.;Butonul lateral deschide meniul.
TrKey3.HelpQLabel;Pomoc ?;Help ?;Ayuda ?;Aide ?;Hilfe ?;Ajutor ?
TrKey3.TutorialHelpDesc;W ustaw. Ekran/Tempo: boczny przycisk pokazuje opis.;In Display/Pacing settings: side button shows info.;En Pantalla/Ritmo: el botón lateral muestra info.;Dans Affichage/Rythme : le bouton latéral affiche des infos.;In Anzeige/Tempo: Seitentaste zeigt Infos.;În Afișaj/Ritm: butonul lateral arată info.
TrKey3.ChannelStaging;Testowy;Staging;Pruebas;Test;Testkanal;Testare
TrKey3.ChannelProduction;Produkcyjny;Production;Producción;Production;Produktion;Producție
TrKey3.ButtonsLabel;Przyciski;Buttons;Botones;Boutons;Tasten;Butoane
TrKey3.ModernLabel;Official;Official;Official;Official;Official;Official
TrKey3.NanoDeviceTab;Urządzenie;Device;Dispositivo;Appareil;Gerät;Dispozitiv
TrKey3.NanoReadingSection;Czytanie;READING;LECTURA;LECTURE;LESEN;CITIRE
TrKey3.NanoSystemSection;System;SYSTEM;SISTEMA;SYSTÈME;SYSTEM;SISTEM
TrKey3.NanoUnknownAuthor;Nieznany autor;Unknown author;Autor desconocido;Auteur inconnu;Unbekannter Autor;Autor necunoscut
TrKey3.NanoNoBook;Wybierz książkę;Choose a book;Elige un libro;Choisissez un livre;Buch wählen;Alege o carte
TrKey3.NanoSdCard;Karta SD;SD card;Tarjeta SD;Carte SD;SD-Karte;Card SD
TrKey3.NanoBooksCount;książek;books;libros;livres;Bücher;cărți
TrKey3.NanoNoLibraryItems;Brak książek na karcie SD;No books on the SD card;No hay libros en la tarjeta SD;Aucun livre sur la carte SD;Keine Bücher auf der SD-Karte;Nicio carte pe cardul SD
TrKey3.NanoThemesTab;Motywy;Themes;Temas;Thèmes;Themen;Teme
TrKey3.NanoPaletteLabel;Paleta;Palette;Paleta;Palette;Palette;Paleta
TrKey3.NanoLayoutSection;Układ nawigacji;NAVIGATION LAYOUT;DISPOSICIÓN;DISPOSITION;NAVIGATION;AȘEZARE
TrKey3.NanoLayoutLeft;Lewy;Left;Izq.;Gauche;Links;Stânga
TrKey3.NanoLayoutRight;Prawy;Right;Der.;Droite;Rechts;Dreapta
TrKey3.NanoLayoutCompact;Ikony;Icons;Iconos;Icônes;Symbole;Iconițe
TrKey3.NanoOwnAccent;Mój kolor;My color;Mi color;Ma couleur;Meine Farbe;Culoarea mea
TrKey3.NanoPaletteClassic;Jak czytanie;Like reading;Como lectura;Comme la lecture;Wie Lesen;Ca la citire
TrKey3.NanoPaletteCream;Krem;Cream;Crema;Crème;Creme;Crem
TrKey3.NanoPaletteGraphite;Grafit;Graphite;Grafito;Graphite;Graphit;Grafit
TrKey3.NanoPaletteForest;Las;Forest;Bosque;Forêt;Wald;Pădure
TrKey3.NanoColorsSection;Kolory;Colors;Colores;Couleurs;Farben;Culori
TrKey3.NanoFontSection;Czcionka;Font;Fuente;Police;Schrift;Font
TrKey3.NanoFollowReader;Jak czytanie;As reading;Como lectura;Comme lecture;Wie Lesen;Ca la citire
TrKey3.NanoLayoutHint;Gdzie stoi pasek zakładek;Where the tab bar sits;Posición de la barra;Position de la barre;Position der Leiste;Poziția barei
TrKey3.NanoResumeHint;Dotknij, by czytać dalej;Tap to keep reading;Toca para seguir;Touchez pour continuer;Tippen zum Weiterlesen;Atinge pentru a continua
TrKey3.NanoPickBookHint;Otwórz bibliotekę i wybierz książkę;Open the library and pick a book;Abre la biblioteca y elige un libro;Ouvrez la bibliothèque;Bibliothek öffnen, Buch wählen;Deschide biblioteca
TrKey3.NanoMenuLabel;Menu;Menu;Menú;Menu;Menü;Meniu
TrKey3.NanoPanelHint;Przytrzymaj, by czytać  -  przesuń w bok, by przewijać;Hold to read  -  swipe sideways to scrub;Mantén para leer  -  desliza para mover;Maintenez pour lire  -  glissez pour naviguer;Halten zum Lesen  -  wischen zum Spulen;Ține apăsat pentru citire
TrKey3.NanoSortRecent;Ostatnio czytane;Recently read;Recientes;Récents;Zuletzt gelesen;Recente
TrKey3.NanoSortTitle;Tytuł A-Z;Title A-Z;Título A-Z;Titre A-Z;Titel A-Z;Titlu A-Z
TrKey3.NanoSortAuthor;Autor A-Z;Author A-Z;Autor A-Z;Auteur A-Z;Autor A-Z;Autor A-Z
TrKey3.NanoSortProgress;Postęp;Progress;Progreso;Progression;Fortschritt;Progres
TrKey3.NanoAppTile;Aplikacja;Phone app;App móvil;Appli;Handy-App;Aplicație
TrKey3.NanoPowerOffTile;Wyłącz;Power off;Apagar;Éteindre;Ausschalten;Oprește
TrKey3.NanoOnState;Włączony;On;Activado;Activé;An;Pornit
TrKey3.NanoOffState;Wyłączony;Off;Desactivado;Désactivé;Aus;Oprit
TrKey3.NanoTransferFiles;Przesyłanie plików;File transfer;Transferir archivos;Transfert de fichiers;Dateiübertragung;Transfer fișiere
TrKey3.NanoStopSync;Zakończ;Finish;Terminar;Terminer;Beenden;Termină
TrKey3.NanoScanHint;Zeskanuj kod w aplikacji Flower albo połącz telefon z tą siecią;Scan the code in the Flower app or join this network;Escanea el código en la app Flower;Scannez le code dans l'appli Flower;Code in der Flower-App scannen;Scanează codul în aplicația Flower
TrKey3.NanoVersionTile;Wersja;Version;Versión;Version;Version;Versiune
TrKey3.NanoAvailable;dostępne;available;disponibles;disponibles;verfügbar;disponibile
TrKey3.NanoConnectedState;Połączony;Connected;Conectado;Connecté;Verbunden;Conectat
TrKey3.NanoFontSample;Zażółć gęślą jaźń;Quick brown fox;Pingüino ñandú;Garçon déjà;Größe Übung;Știință țară
TrKey3.NanoWpmUnit;WPM;WPM;PPM;MPM;WPM;CPM
TrKey3.NanoShowAll;Pokaż wszystko;Show all;Ver todo;Tout afficher;Alle zeigen;Arată tot
TrKey3.NanoPacingTile;Tempo i pauzy;Speed & pauses;Velocidad y pausas;Vitesse et pauses;Tempo & Pausen;Viteză și pauze
TrKey3.NanoLayoutTab;Układ;Layout;Diseño;Disposition;Layout;Aspect
TrKey3.PercentComplete;ukończone;complete;completado;terminé;abgeschlossen;finalizat
TrKey3.ReadFromPlace;Czytaj od miejsca;Read from place;Leer desde el punto;Lire depuis l'endroit;Weiterlesen ab Stelle;Citește de la loc
TrKey3.DeleteBookLabel;Usuń książkę;Delete book;Eliminar libro;Supprimer le livre;Buch löschen;Șterge cartea
TrKey3.ErrorLabel;Błąd;Error;Error;Erreur;Fehler;Eroare
TrKey3.DeleteConfirmColon;Usunąć: ;Delete: ;Eliminar: ;Supprimer : ;Löschen: ;Șterge: 
TrKey3.NoGoBack;Nie, wróć;No, go back;No, volver;Non, retour;Nein, zurück;Nu, înapoi
TrKey3.YesDelete;Tak, usuń;Yes, delete;Sí, eliminar;Oui, supprimer;Ja, löschen;Da, șterge
TrKey3.DeletedLabel;Usunięto;Deleted;Eliminado;Supprimé;Gelöscht;Șters
TrKey3.CannotDelete;Nie można usunąć;Cannot delete;No se puede eliminar;Impossible de supprimer;Löschen nicht möglich;Nu se poate șterge
TrKey3.AddSavePoint;+ Dodaj punkt zapisu;+ Add save point;+ Agregar punto;+ Ajouter un point;+ Speicherpunkt hinzu.;+ Adaugă punct
TrKey3.DeleteSpace;Usuń ;Delete ;Eliminar ;Supprimer ;Löschen ;Șterge 
TrKey3.OpenBookFirst;Najpierw otwórz książkę;Open a book first;Primero abre un libro;Ouvrez d'abord un livre;Zuerst ein Buch öffnen;Deschide mai întâi o carte
TrKey3.BookNotFound;Książka nie znaleziona;Book not found;Libro no encontrado;Livre introuvable;Buch nicht gefunden;Cartea nu a fost găsită
TrKey3.CannotOpen;Nie można otworzyć;Cannot open;No se puede abrir;Impossible d'ouvrir;Öffnen nicht möglich;Nu se poate deschide
TrKey3.ActivePlugins;Aktywne;Active;Activos;Actifs;Aktiv;Active
TrKey3.NoActivePlugins;Brak aktywnych pluginów;No active plugins;Sin plugins activos;Aucun plugin actif;Keine aktiven Plugins;Niciun plugin activ
TrKey3.PluginEnabledTag; [włączony]; [enabled]; [activado]; [activé]; [aktiviert]; [activat]
TrKey3.PluginDisabledTag; [wyłączony]; [disabled]; [desactivado]; [désactivé]; [deaktiviert]; [dezactivat]
TrKey3.DisablePlugin;Wyłącz;Disable;Desactivar;Désactiver;Deaktivieren;Dezactivează
TrKey3.EnablePlugin;Włącz;Enable;Activar;Activer;Aktivieren;Activează
TrKey3.SaveCurrentPreset;+ Zapisz obecne;+ Save Current;+ Guardar actual;+ Enregistrer actuel;+ Aktuelles speichern;+ Salvează actualul
TrKey3.PresetLimitReachedParen;(Limit 10 osiągnięty);(Limit 10 reached);(Límite de 10 alcanzado);(Limite de 10 atteinte);(Limit von 10 erreicht);(Limita de 10 atinsă)
TrKey3.PresetNameLabel;Nazwa presetu;Preset Name;Nombre del preajuste;Nom du prérégl.;Preset-Name;Nume preset
TrKey3.InvalidName;Nieprawidłowa nazwa;Invalid name;Nombre inválido;Nom invalide;Ungültiger Name;Nume invalid
TrKey3.SavedLabel;Zapisano;Saved;Guardado;Enregistré;Gespeichert;Salvat
TrKey3.LimitReachedShort;Limit osiągnięty;Limit reached;Límite alcanzado;Limite atteinte;Limit erreicht;Limită atinsă
TrKey3.SdCardErrorLabel;Błąd karty SD;SD card error;Error de tarjeta SD;Erreur carte SD;SD-Kartenfehler;Eroare card SD
TrKey3.LoadedLabel;Wczytano;Loaded;Cargado;Chargé;Geladen;Încărcat
TrKey3.PresetLoadError;Błąd wczytywania presetu;Error loading preset;Error al cargar el preajuste;Erreur de chargement du prérégl.;Fehler beim Laden des Presets;Eroare la încărcarea presetului
TrKey3.ApplyColon;Zastosuj: ;Apply: ;Aplicar: ;Appliquer : ;Anwenden: ;Aplică: 
TrKey3.DeletePresetColon;Usuń: ;Delete: ;Eliminar: ;Supprimer : ;Löschen: ;Șterge: 
TrKey3.PresetDeleteFailed;Błąd usuwania;Delete failed;Error al eliminar;Échec de la suppression;Löschen fehlgeschlagen;Ștergere eșuată
TrKey3.BackWifiHeader;< Wróć | Wi-Fi;< Back | Wi-Fi;< Volver | Wi-Fi;< Retour | Wi-Fi;< Zurück | Wi-Fi;< Înapoi | Wi-Fi
TrKey3.BackSyncHeader;< Wróć | Sync;< Back | Sync;< Volver | Sync;< Retour | Sync;< Zurück | Sync;< Înapoi | Sync
TrKey3.UsbBackHint;USB | Tap = wróć;USB | Tap = back;USB | Toca = volver;USB | Touchez = retour;USB | Tippen = zurück;USB | Atinge = înapoi
TrKey3.ConnectUsbCable;Podłącz kabel USB;Connect USB cable;Conecta el cable USB;Branchez le câble USB;USB-Kabel anschließen;Conectează cablul USB
TrKey3.SdVisibleOnPhone;SD widoczna na telefonie/PC;SD visible on phone/PC;SD visible en teléfono/PC;SD visible sur téléphone/PC;SD sichtbar auf Handy/PC;SD vizibil pe telefon/PC
TrKey3.VolumeDown;Gł -;Vol -;Vol -;Vol -;Lst -;Vol -
TrKey3.VolumeUp;Gł +;Vol +;Vol +;Vol +;Lst +;Vol +
TrKey3.PositionLabel;Pozycja;Position;Posición;Position;Position;Poziție
TrKey3.VolumeAbbrev;Gł;Vol;Vol;Vol;Lst;Vol
TrKey3.WelcomeLanguageTitle;Wybierz język;Choose your language;Elige tu idioma;Choisissez votre langue;Wähle deine Sprache;Alege limba
TrKey3.WelcomeThemeTitle;Wybierz motyw;Choose your theme;Elige tu tema;Choisissez votre thème;Wähle dein Design;Alege tema
TrKey3.WelcomeHighlightColorTitle;Wybierz kolor podświetlenia;Choose your highlight colour;Elige el color de resaltado;Choisissez la couleur de surbrillance;Wähle die Hervorhebungsfarbe;Alege culoarea de evidențiere
TrKey3.WelcomeSuperTitle;Super!;Super!;¡Genial!;Super !;Super!;Super!
TrKey3.WelcomeConfigureTitle;Skonfigurujmy Twoje urządzenie!;Let's set up your device!;¡Configuremos tu dispositivo!;Configurons votre appareil !;Richten wir dein Gerät ein!;Să configurăm dispozitivul tău!
TrKey3.WelcomeChooseFontTitle;Wybierz czcionkę!;Choose a typeface!;¡Elige una tipografía!;Choisissez une police !;Wähle eine Schriftart!;Alege un font!
TrKey3.WelcomeReadingModeTitle;Wybierz sposób czytania!;Choose how you read!;¡Elige cómo leer!;Choisissez votre mode de lecture !;Wähle deine Lesart!;Alege modul de citire!
TrKey3.WelcomeReadingModeScrollRow;Przewijanie strony;Scrolling page;Página con desplazamiento;Page défilante;Scroll-Ansicht;Pagină cu defilare
TrKey3.WelcomePreviewRsvpRow;Podgląd RSVP;Preview RSVP;Vista previa RSVP;Aperçu RSVP;RSVP-Vorschau;Previzualizare RSVP
TrKey3.WelcomePreviewScrollRow;Podgląd przewijania;Preview scrolling;Vista previa de desplazamiento;Aperçu du défilement;Scroll-Vorschau;Previzualizare defilare
TrKey3.WelcomePreviewRsvpLine;Tak wygląda czytanie RSVP;This is what RSVP reading looks like;Así se ve la lectura RSVP;Voici à quoi ressemble la lecture RSVP;So sieht RSVP-Lesen aus;Așa arată citirea RSVP
TrKey3.WelcomePreviewScrollBody;Tekst przewija się linia po linii, tak jak w zwykłej książce.;Text scrolls line by line, like in a normal book.;El texto se desplaza línea por línea, como en un libro normal.;Le texte défile ligne par ligne, comme dans un livre normal.;Der Text scrollt zeilenweise, wie in einem normalen Buch.;Textul derulează rând cu rând, ca într-o carte normală.
TrKey3.WelcomeReadingModeScrollLabel;Przewijanie strony - podgląd;Scrolling page - preview;Página con desplazamiento - vista previa;Page défilante - aperçu;Scroll-Ansicht - Vorschau;Pagină cu defilare - previzualizare
TrKey3.WelcomeTapToGoBack;Dotknij, aby wrócić;Tap to go back;Toca para volver;Touchez pour revenir;Zum Zurückgehen tippen;Atinge pentru a te întoarce
TrKey3.WelcomeConnectTitle;Połącz czytnik z telefonem!;Connect your reader to your phone!;¡Conecta tu lector a tu teléfono!;Connectez votre liseuse à votre téléphone !;Verbinde deinen Reader mit deinem Handy!;Conectează cititorul la telefon!
TrKey3.WelcomeConnectLine1;Zeskanuj i pobierz aplikację Flower;Scan and download the Flower app;Escanea y descarga la app Flower;Scannez et téléchargez l'appli Flower;Scannen und Flower-App herunterladen;Scanează și descarcă aplicația Flower
TrKey3.WelcomeConnectHintWaiting;Oczekiwanie na połączenie... dotknij, aby pominąć;Waiting for connection... tap to skip;Esperando conexión... toca para omitir;En attente de connexion... touchez pour ignorer;Warte auf Verbindung... zum Überspringen tippen;Se așteaptă conexiunea... atinge pentru a sări peste
TrKey3.WelcomeConnectHintConnected;Połączono! Dotknij Dalej;Connected! Tap Next;¡Conectado! Toca Siguiente;Connecté ! Touchez Suivant;Verbunden! Auf Weiter tippen;Conectat! Atinge Următorul
TrKey3.WelcomeBookPickerTitle;Prawie gotowe! Co dziś czytamy?;Almost done! What shall we read today?;¡Casi listo! ¿Qué leemos hoy?;Presque terminé ! Que lisons-nous aujourd'hui ?;Fast fertig! Was lesen wir heute?;Aproape gata! Ce citim azi?
TrKey3.WelcomeLoadingPhrase1;Odzyskaj stan Flow;Recover your Flow state;Recupera tu estado de Flow;Retrouvez votre état de Flow;Erlange deinen Flow-Zustand zurück;Recuperează-ți starea de Flow
TrKey3.WelcomeLoadingPhrase2;Przeczytaj ulubioną książkę;Read your favourite book;Lee tu libro favorito;Lisez votre livre préféré;Lies dein Lieblingsbuch;Citește-ți cartea preferată
TrKey3.WelcomeLoadingPhrase3;Odzyskaj pasję do czytania;Rediscover your love of reading;Recupera tu pasión por la lectura;Retrouvez votre passion pour la lecture;Entdecke deine Lesefreude neu;Redescoperă-ți pasiunea pentru citit
TrKey3.WelcomeLoadingBottomLoading;Ładowanie;Loading;Cargando;Chargement;Wird geladen;Se încarcă
TrKey3.WelcomeLoadingBottomDownloading;Pobieranie potrzebnych zasobów;Downloading required resources;Descargando recursos necesarios;Téléchargement des ressources nécessaires;Erforderliche Ressourcen werden heruntergeladen;Se descarcă resursele necesare
TrKey3.WelcomePowerBackHint;Przycisk zasilania cofa o krok;Power button goes back a step;El botón de encendido retrocede un paso;Le bouton d'alimentation revient en arrière;Netzschalter geht einen Schritt zurück;Butonul de pornire revine cu un pas
TrKey3.WifiSkipHint;Opcjonalnie, niezalecane;Optional, not recommended;Opcional, no recomendado;Optionnel, non recommandé;Optional, nicht empfohlen;Optional, nerecomandat
TrKey3.SavePointNameModeColon;Nazwa zapisu: ;Save name: ;Nombre guardado: ;Nom sauvegardé : ;Speichername: ;Nume salvare: 
TrKey3.SavePointNameCustomOption;Własna;Custom;Personalizado;Personnalisé;Benutzerdefiniert;Personalizat
TrKey3.SavePointNameDefaultOption;Domyślna;Default;Predeterminado;Par défaut;Standard;Implicit
TrKey3.NextLabel;Dalej;Next;Siguiente;Suivant;Weiter;Următor
TrKey3.WelcomeAppPairingTitle;Połączenie z aplikacją;Connect the app;Conectar la app;Connecter l'appli;App verbinden;Conectează aplicația
TrKey3.WelcomeConfigureInAppLine1;Skonfiguruj w aplikacji;Set up in the app;Configura en la app;Configurer dans l'appli;In der App einrichten;Configurează în aplicație
TrKey3.WelcomeConfigureInAppLine2;lub dodaj książkę, jeśli chcesz;or add a book if you like;o añade un libro si quieres;ou ajoutez un livre si besoin;oder füge ein Buch hinzu;sau adaugă o carte dacă vrei
UiText.Resume;Wznów;Resume;Reanudar;Reprendre;Weiter;Continuă
UiText.Chapters;Rozdziały;Chapters;Capítulos;Chapitres;Kapitel;Capitole
UiText.Library;Biblioteka;Library;Biblioteca;Bibliothèque;Bibliothek;Biblioteca
UiText.Settings;Ustawienia;Settings;Ajustes;Réglages;Optionen;Setări
UiText.UsbTransfer;USB;USB transfer;USB;USB;USB;USB
UiText.PowerOff;Wyłącz;Power off;Apagar;Éteindre;Ausschalten;Oprire
UiText.Read;Czytaj;Read;Leer;Lire;Lesen;Citește
UiText.SavePoints;Punkty zapisu;Save points;Puntos guardados;Points de sauveg.;Lesezeichen;Puncte salvate
UiText.Plugins;Pluginy;Plugins;Plugins;Plugins;Plugins;Pluginuri
UiText.Back;Wróć;Back;Atrás;Retour;Zurück;Înapoi
UiText.Display;Ekran;Display;Pantalla;Affichage;Anzeige;Afișaj
UiText.TypographyTune;Typografia;Typography tune;Tipografía;Typographie;Typografie;Tipografie
UiText.WordPacing;Tempo słów;Word pacing;Ritmo lectura;Rythme mots;Lesetempo;Ritm cuvinte
UiText.Theme;Motyw;Theme;Tema;Thème;Thema;Tema
UiText.Brightness;Jasność;Brightness;Brillo;Luminosité;Helligkeit;Luminoz.
UiText.Language;Język;Language;Idioma;Langue;Sprache;Limba
UiText.ReadingMode;Tryb czyt.;Reading mode;Modo lectura;Mode lecture;Lesemodus;Mod citire
UiText.LongWords;Długie słowa;Long words;Palabras largas;Mots longs;Lange Wörter;Cuvinte lungi
UiText.Complexity;Złożoność;Complexity;Complejidad;Complexité;Komplexität;Complexitate
UiText.Punctuation;Interpunk.;Punctuation;Puntuación;Ponctuation;Zeichen;Punctuație
UiText.ResetPacing;Reset tempa;Reset pacing;Restablecer ritmo;Réinit. rythme;Tempo zurück;Reset ritm
UiText.Night;Noc;Night;Noche;Nuit;Nacht;Noapte
UiText.Dark;Ciemny;Dark;Oscuro;Sombre;Dunkel;Închis
UiText.Light;Jasny;Light;Claro;Clair;Hell;Deschis
UiText.On;Tak;On;Sí;Oui;Ein;Pornit
UiText.Off;Nie;Off;No;Non;Aus;Oprit
UiText.FontSize;Rozmiar;Font size;Tamaño;Taille;Schriftgrad;Mărime
UiText.Typeface;Krój;Typeface;Fuente;Police;Schriftart;Font
UiText.PhantomWords;Słowa widma;Phantom words;Palabras fantasma;Mots fantômes;Phantomwörter;Cuvinte fantomă
UiText.RedHighlight;Czerwony;Red highlight;Rojo;Accent rouge;Rotfokus;Accent roșu
UiText.Tracking;Odstępy;Tracking;Espaciado;Espacement;Laufweite;Spațiere
UiText.Anchor;Kotwica;Anchor;Ancla;Ancre;Anker;Ancoră
UiText.GuideWidth;Szer. guide;Guide width;Ancho guía;Largeur guide;Guidebreite;Lățime ghid
UiText.GuideGap;Przerwa guide;Guide gap;Hueco guía;Écart guide;Guidespalt;Spațiu ghid
UiText.Reset;Reset;Reset;Restablecer;Réinit.;Zurücksetzen;Resetare
UiText.Typography;Typografia;Typography;Tipografía;Typographie;Typografie;Tipografie
UiText.TapToExit;dotknij wyjście;tap to exit;toca salir;toucher sortie;tippen zum Ende;atinge ieșire
UiText.TapToReset;dotknij reset;tap to reset;toca reiniciar;toucher réinit.;tippen zum Reset;atinge reset
UiText.TapChangeSample;Dotknij zmień  L/R próbka;Tap change  L/R sample;Toca cambiar L/R muestra;Touchez change  G/D échant.;Tippen ändern  L/R Probe;Atinge schimbă  S/D probă
UiText.TapExitSample;Dotknij wyjdź  L/R próbka;Tap exit  L/R sample;Toca salir L/R muestra;Touchez sortie  G/D échant.;Tippen zurück  L/R Probe;Atinge ieși  S/D probă
UiText.TapToggleSample;Dotknij przeł.  L/R próbka;Tap toggle  L/R sample;Toca alternar L/R muestra;Touchez option  G/D échant.;Tippen schalten  L/R Probe;Atinge comută  S/D probă
UiText.TapCycleSample;Dotknij cykl  L/R próbka;Tap cycle  L/R sample;Toca ciclo L/R muestra;Touchez cycle  G/D échant.;Tippen wechseln  L/R Probe;Atinge ciclu  S/D probă
UiText.SwipeMoreSettings;Przesuń  L/R: więcej ustawień;Swipe  L/R: more settings;Desliza  I/D: más ajustes;Glissez  G/D : plus de réglages;Wischen  L/R: mehr Einstellungen;Glisează  S/D: mai multe setări
UiText.CurrentBook;Bieżąca książka;Current book;Libro actual;Livre actuel;Aktuelles Buch;Cartea curentă
UiText.Start;Start;Start;Inicio;Début;Start;Început
UiText.StartOfBook;Początek książki;Start of book;Inicio del libro;Début du livre;Buchanfang;Începutul cărții
UiText.RestartBook;Restart książki;Restart book;Reiniciar libro;Relancer livre;Buch neu;Repornește cartea
UiText.AreYouSure;Na pewno?;Are you sure?;¿Seguro?;Confirmer ?;Sicher?;Sigur?
UiText.NoKeepPlace;Nie, zostaw;No, keep place;No, conservar;Non, garder;Nein, merken;Nu, păstrează
UiText.YesRestart;Tak, restart;Yes, restart;Sí, reiniciar;Oui, relancer;Ja, neu;Da, repornește
UiText.ResetTypographyQuestion;Zresetować typografię?;Reset typography?;¿Restablecer tipografía?;Réinitialiser la typo ?;Typografie zurücksetzen?;Resetare tipografie?
UiText.NoKeepSettings;Nie, zostaw;No, keep settings;No, mantener;Non, garder;Nein, behalten;Nu, păstrează
UiText.YesReset;Tak, resetuj;Yes, reset;Sí, restablecer;Oui, réinitialiser;Ja, zurücksetzen;Da, resetează
UiText.NoSamples;Brak próbek;No samples;Sin muestras;Aucun exemple;Keine Proben;Fără probe
UiText.Large;Duży;Large;Grande;Grand;Groß;Mare
UiText.Medium;Średni;Medium;Mediano;Moyen;Mittel;Mediu
UiText.Small;Mały;Small;Pequeño;Petit;Klein;Mic
UiText.Standard;Standard;Standard;Estándar;Standard;Standard;Standard
UiText.RsvpMode;RSVP;RSVP;RSVP;RSVP;RSVP;RSVP
UiText.ScrollMode;Scroll strony;Page scroll;Scroll página;Défilement page;Seiten-Scroll;Derulare pagină
UiText.TimeEstimate;Pozostały czas;Time estimate;Tiempo restante;Temps restant;Restzeit;Timp rămas
UiText.TimeEstimateAccurate;Dokładny;Accurate;Preciso;Précis;Genau;Exact
UiText.TimeEstimateFast;Szybki;Fast;Rápido;Rapide;Schnell;Rapid
UiText.ScrollLineSpacing;Interlinia;Line spacing;Interlineado;Interligne;Zeilenabst.;Spațiere
UiText.ScrollMargins;Marginesy;Margins;Márgenes;Marges;Ränder;Margini
DictStr.Record;Nagraj;Record;Grabar;Enregistrer;Aufnehmen;Înregistrează
DictStr.Library;Biblioteka;Library;Biblioteca;Bibliothèque;Bibliothek;Biblioteca
DictStr.LibraryTitle;BIBLIOTEKA;LIBRARY;BIBLIOTECA;BIBLIOTHÈQUE;BIBLIOTHEK;BIBLIOTECA
DictStr.NoRecordings;Brak nagrań;No recordings;Sin grabaciones;Aucun enregistrement;Keine Aufnahmen;Nicio înregistrare
DictStr.TapToGoBack;Dotknij, aby wrócić;Tap to go back;Toca para volver;Touchez pour revenir;Tippen zum Zurückgehen;Atinge pentru a reveni
DictStr.Rename;Zmień nazwę;Rename;Renombrar;Renommer;Umbenennen;Redenumește
DictStr.Save;Zapisz;Save;Guardar;Enregistrer;Speichern;Salvează
DictStr.Backspace;<- Usuń znak;<- Backspace;<- Borrar;<- Effacer;<- Löschen;<- Șterge
DictStr.Cancel;Anuluj;Cancel;Cancelar;Annuler;Abbrechen;Anulează
DictStr.Delete;Usuń;Delete;Eliminar;Supprimer;Löschen;Șterge
DictStr.ErrorTitle;BŁĄD;ERROR;ERROR;ERREUR;FEHLER;EROARE
DictStr.MicUnavailable;Mikrofon niedostępny;Mic unavailable;Micrófono no disponible;Micro indisponible;Mikrofon nicht verfügbar;Microfon indisponibil
DictStr.RecordingFailed;Nagrywanie nie powiodło się;Recording failed;Grabación fallida;Enregistrement échoué;Aufnahme fehlgeschlagen;Înregistrare eșuată
DictStr.TryAgain;Spróbuj ponownie;Try again;Inténtalo de nuevo;Réessayez;Erneut versuchen;Încearcă din nou
DictStr.PeakAbbrev;Pzm;Lvl;Niv;Niv;Peg;Niv
DictStr.Stop;Zatrzymaj;Stop;Detener;Arrêter;Stopp;Oprește
DictStr.CardWriteFailed;Nie mogę zapisać na kartę;Cannot write to the card;No puedo escribir en la tarjeta;Écriture sur la carte impossible;Kann nicht auf die Karte schreiben;Nu pot scrie pe card
DictStr.Recording;Nagrywam;Recording;Grabando;Enregistrement;Aufnahme läuft;Înregistrez
TrKey4.BatteryStyleColon;Wskaźnik baterii: ;Battery indicator: ;Indicador de batería: ;Indicateur batterie : ;Akkuanzeige: ;Indicator baterie: 
TrKey4.BatteryStyleIconPercent;Ikona + %;Icon + %;Icono + %;Icône + %;Symbol + %;Pictogramă + %
TrKey4.BatteryStyleNumberInIcon;Liczba w ikonie;Number in icon;Número en icono;Chiffre dans l'icône;Zahl im Symbol;Număr în pictogramă
TrKey4.BatteryStyleNumberOnly;Sama liczba;Number only;Solo número;Chiffre seul;Nur Zahl;Doar număr
TrKey4.BatteryStyleIconOnly;Tylko ikona;Icon only;Solo icono;Icône seule;Nur Symbol;Doar pictogramă
TrKey4.GoToTitle;Przejdź do;Go to;Ir a;Aller à;Gehe zu;Mergi la
TrKey4.GoToPercent;Procent;Percent;Porcentaje;Pourcentage;Prozent;Procent
TrKey4.GoToPage;Strona;Page;Página;Page;Seite;Pagină
TrKey4.GoToChapter;Rozdział;Chapter;Capítulo;Chapitre;Kapitel;Capitol
TrKey4.GoToReadHere;Czytaj stąd;Read from here;Leer desde aquí;Lire d'ici;Ab hier lesen;Citește de aici
TrKey4.GoToPageOf;z;of;de;sur;von;din
TrKey4.GoToPageSize;1 strona = 250 słów;1 page = 250 words;1 página = 250 palabras;1 page = 250 mots;1 Seite = 250 Wörter;1 pagină = 250 cuvinte
TrKey4.GoToNoChapters;Ta książka nie ma rozdziałów;This book has no chapters;Este libro no tiene capítulos;Ce livre n'a pas de chapitres;Dieses Buch hat keine Kapitel;Cartea nu are capitole
TrKey4.BookmarkNameQuestion;Jak nazwać zakładkę?;How should the bookmark be named?;¿Cómo nombrar el marcador?;Quel nom pour le signet ?;Wie soll das Lesezeichen heißen?;Cum numim semnul?
TrKey4.BookmarkNameDefault;Domyślna nazwa;Default name;Nombre por defecto;Nom par défaut;Standardname;Nume implicit
TrKey4.BookmarkNameCustom;Własna nazwa;Custom name;Nombre propio;Nom personnalisé;Eigener Name;Nume propriu
TrKey4.BookmarkNameCustomDetail;Wpisz na klawiaturze;Type it on the keyboard;Escríbelo con el teclado;Tapez-le au clavier;Über die Tastatur eingeben;Scrie-l la tastatură
TrKey4.PanelGoToHint;Dotknij paska u góry, by przejść do miejsca;Tap the top bar to jump to a place;Toca la barra superior para saltar;Touchez la barre du haut pour sauter;Obere Leiste antippen, um zu springen;Atinge bara de sus pentru a sări
TrKey4.MenuSection;Menu;Menu;Menú;Menu;Menü;Meniu
TrKey4.LetterColorTitle;Kolor litery;Letter color;Color de letra;Couleur lettre;Buchstabenfarbe;Culoare literă
TrKey4.ColorCustom;Własny;Custom;Propio;Perso;Eigene;Propriu
TrKey4.ReadingThemeHint;Paleta menu „Jak czytanie” też bierze te kolory;The "Like reading" menu palette uses these too;La paleta "Como lectura" también los usa;La palette « Comme la lecture » les utilise aussi;Die Menüpalette "Wie Lesen" nutzt sie auch;Paleta „Ca la citire” le folosește și ea
TrKey4.LayoutIconsOnly;Same ikony;Icons only;Solo iconos;Icônes seules;Nur Symbole;Doar pictograme
TrKey4.LayoutIconsLabels;Ikony + napisy;Icons + labels;Iconos + texto;Icônes + texte;Symbole + Text;Pictograme + text
TrKey4.LayoutSideLeft;Z lewej;Left;Izquierda;À gauche;Links;Stânga
TrKey4.LayoutSideRight;Z prawej;Right;Derecha;À droite;Rechts;Dreapta
TrKey4.LayoutTapToPick;Dotknij, by wybrać;Tap to pick;Toca para elegir;Touchez pour choisir;Tippen zum Wählen;Atinge pentru a alege
TrKey4.LayoutTapAgainHint;Dotknij wybranego jeszcze raz: pasek przejdzie na drugą stronę;Tap the selected one again: the bar moves to the other side;Toca de nuevo el elegido: la barra cambia de lado;Touchez à nouveau : la barre change de côté;Erneut tippen: die Leiste wechselt die Seite;Atinge din nou: bara trece pe cealaltă parte
TrKey4.SaverBook;Książka;Book;Libro;Livre;Buch;Carte
TrKey4.SaverNoBook;Nie masz otwartej książki;No book open;Ningún libro abierto;Aucun livre ouvert;Kein Buch geöffnet;Nicio carte deschisă
TrKey4.SaverWordsFallback;Jedno słowo naraz, oczy stoją w miejscu, a tekst płynie do ciebie. Naciśnij przycisk i czytaj dalej;One word at a time, your eyes stay put and the text comes to you. Press a button and keep reading;Una palabra a la vez, tus ojos quietos y el texto llega a ti. Pulsa un botón y sigue leyendo;Un mot à la fois, les yeux immobiles, le texte vient à vous. Appuyez sur un bouton et lisez;Ein Wort nach dem anderen, die Augen bleiben stehen und der Text kommt zu dir. Taste drücken und weiterlesen;Un cuvânt pe rând, ochii stau pe loc și textul vine la tine. Apasă un buton și citește
TrKey4.TutTitleRsvp;Jedno słowo naraz;One word at a time;Una palabra a la vez;Un mot à la fois;Ein Wort nach dem anderen;Un cuvânt pe rând
TrKey4.TutBodyRsvp;Czytnik pokazuje słowa jedno po drugim w tym samym miejscu. Patrz na kolorową literę. Oko nie skacze po linijkach, więc czytasz szybciej i mniej się męczysz.;The reader shows words one after another in the same spot. Look at the colored letter. Your eyes don't jump along lines, so you read faster and tire less.;El lector muestra las palabras una tras otra en el mismo sitio. Mira la letra de color. La vista no salta de línea en línea: lees más rápido y te cansas menos.;La liseuse affiche les mots l'un après l'autre au même endroit. Regardez la lettre colorée. L'oeil ne saute pas de ligne en ligne : vous lisez plus vite et vous fatiguez moins.;Der Reader zeigt die Wörter nacheinander an derselben Stelle. Schau auf den farbigen Buchstaben. Die Augen springen nicht von Zeile zu Zeile, du liest schneller und ermüdest weniger.;Cititorul arată cuvintele unul după altul în același loc. Privește litera colorată. Ochii nu sar de pe un rând pe altul, așa că citești mai repede și obosești mai puțin.
TrKey4.TutTitleStart;Start i pauza;Start and pause;Iniciar y pausar;Lecture et pause;Start und Pause;Start și pauză
TrKey4.TutBodyStart;Na ekranie przed czytaniem dotknij Czytaj. Słowa lecą, dopóki nie dotkniesz ekranu. Możesz też przytrzymać palec na słowie: czytnik czyta, dopóki trzymasz.;On the screen before reading, tap Read. Words keep coming until you touch the screen. You can also hold a finger on the word: the reader reads while you hold.;En la pantalla previa toca Leer. Las palabras siguen hasta que tocas la pantalla. También puedes mantener el dedo sobre la palabra: lee mientras lo mantienes.;Sur l'écran avant la lecture, touchez Lire. Les mots défilent jusqu'à ce que vous touchiez l'écran. Vous pouvez aussi garder le doigt sur le mot : la lecture dure tant que vous appuyez.;Tippe vor dem Lesen auf Lesen. Die Wörter laufen, bis du den Bildschirm berührst. Du kannst auch den Finger auf dem Wort halten: Der Reader liest, solange du hältst.;Pe ecranul dinaintea lecturii atinge Citește. Cuvintele curg până atingi ecranul. Poți și ține degetul pe cuvânt: cititorul citește cât timp ții.
TrKey4.TutTitleSpeed;Tempo;Speed;Velocidad;Vitesse;Tempo;Viteză
TrKey4.TutBodySpeed;Przyciski - i + na ekranie przed czytaniem zmieniają liczbę słów na minutę. Dla większości osób wygodny start to 250-350. Dokładnie ustawisz tempo w Ustawieniach.;The - and + buttons on the screen before reading change the words per minute. A comfortable start for most people is 250-350. Fine-tune it in Settings.;Los botones - y + de la pantalla previa cambian las palabras por minuto. Para la mayoría, un buen inicio es 250-350. Ajústalo con detalle en Ajustes.;Les boutons - et + de l'écran avant la lecture changent les mots par minute. Pour la plupart, 250-350 est un bon départ. Réglez-le finement dans Réglages.;Die Tasten - und + vor dem Lesen ändern die Wörter pro Minute. Für die meisten ist 250-350 ein guter Start. Genau stellst du es unter Optionen ein.;Butoanele - și + de pe ecranul dinaintea lecturii schimbă cuvintele pe minut. Pentru majoritatea, 250-350 e un start bun. Reglajul fin e în Setări.
TrKey4.TutTitleMove;Cofanie i skoki;Going back and jumping;Retroceder y saltar;Revenir et sauter;Zurück und springen;Înapoi și salturi
TrKey4.TutBodyMove;Przesuń palcem w bok po słowie, żeby cofnąć się albo pójść dalej. Dotknij paska u góry, żeby przejść do procentu, strony albo rozdziału. Przycisk << wraca na początek zdania.;Swipe sideways over the word to go back or ahead. Tap the top bar to jump to a percent, page or chapter. The << button returns to the start of the sentence.;Desliza de lado sobre la palabra para retroceder o avanzar. Toca la barra superior para saltar a un porcentaje, página o capítulo. El botón << vuelve al inicio de la frase.;Glissez sur le mot pour reculer ou avancer. Touchez la barre du haut pour aller à un pourcentage, une page ou un chapitre. Le bouton << revient au début de la phrase.;Wische seitlich über das Wort, um zurück- oder vorzuspringen. Tippe auf die obere Leiste, um zu Prozent, Seite oder Kapitel zu springen. Die Taste << geht zum Satzanfang.;Glisează lateral pe cuvânt ca să mergi înapoi sau înainte. Atinge bara de sus ca să sari la procent, pagină sau capitol. Butonul << revine la începutul propoziției.
TrKey4.TutTitleMenu;Menu;Menu;Menú;Menu;Menü;Meniu
TrKey4.TutBodyMenu;Przycisk Menu otwiera zakładki z boku ekranu: Czytaj, Ustawienia, Motywy i Urządzenie. Krótkie naciśnięcie przycisku zasilania też otwiera menu, a przytrzymanie wyłącza czytnik.;The Menu button opens the tabs on the side: Read, Settings, Themes and Device. A short press of the power button opens the menu too, holding it turns the reader off.;El botón Menú abre las pestañas laterales: Leer, Ajustes, Temas y Dispositivo. Una pulsación corta del botón de encendido también abre el menú y mantenerlo apaga el lector.;Le bouton Menu ouvre les onglets sur le côté : Lire, Réglages, Thèmes et Appareil. Un appui court sur le bouton d'alimentation ouvre aussi le menu, un appui long éteint la liseuse.;Die Taste Menü öffnet die Reiter an der Seite: Lesen, Optionen, Themen und Gerät. Kurz auf die Ein-Taste drücken öffnet auch das Menü, lange drücken schaltet aus.;Butonul Meniu deschide filele din lateral: Citește, Setări, Teme și Dispozitiv. O apăsare scurtă pe butonul de pornire deschide și ea meniul, ținerea lui oprește cititorul.
TrKey4.TutTitleHelp;Pomoc;Help;Ayuda;Aide;Hilfe;Ajutor
TrKey4.TutBodyHelp;Kółko ? przy opcji w Ustawieniach otwiera jej pełny opis. Gdy znasz już wszystko, wyłącz pomoc, a kafelki będą szersze. Ten samouczek znajdziesz w zakładce Urządzenie.;The ? circle next to an option in Settings opens its full description. Once you know them all, turn help off and the tiles get wider. This tutorial lives in the Device tab.;El círculo ? junto a una opción en Ajustes abre su descripción completa. Cuando lo conozcas todo, desactiva la ayuda y las casillas serán más anchas. Este tutorial está en Dispositivo.;Le rond ? à côté d'une option dans Réglages ouvre sa description complète. Quand vous connaissez tout, désactivez l'aide : les tuiles s'élargissent. Ce tutoriel est dans l'onglet Appareil.;Der Kreis ? neben einer Option unter Optionen öffnet ihre Beschreibung. Wenn du alles kennst, schalte die Hilfe aus, dann werden die Kacheln breiter. Diese Anleitung findest du unter Gerät.;Cercul ? de lângă o opțiune din Setări deschide descrierea ei completă. Când le știi pe toate, oprește ajutorul și plăcile devin mai late. Tutorialul e în fila Dispozitiv.
TrKey4.TutWord;czytanie;reading;lectura;lecture;lesen;lectura
TrKey4.TutDone;Gotowe;Done;Listo;Terminé;Fertig;Gata
TrKey4.WizLanguageSub;Menu będzie w tym języku. Książki zostają w swoim.;The menu will use this language. Books keep their own.;El menú usará este idioma. Los libros mantienen el suyo.;Le menu sera dans cette langue. Les livres gardent la leur.;Das Menü nutzt diese Sprache. Bücher behalten ihre.;Meniul va folosi această limbă. Cărțile rămân în a lor.
TrKey4.WizThemeSub;Kolory ekranu czytania. Zmienisz je później w Motywach.;Colors of the reading screen. You can change them later in Themes.;Colores de la pantalla de lectura. Puedes cambiarlos en Temas.;Couleurs de l'écran de lecture. Modifiables plus tard dans Thèmes.;Farben des Lesebildschirms. Später unter Themen änderbar.;Culorile ecranului de citire. Le poți schimba în Teme.
TrKey4.WizColorSub;Kolor litery, na którą patrzysz przy czytaniu.;The color of the letter your eyes rest on while reading.;El color de la letra en la que fijas la vista al leer.;La couleur de la lettre que fixe votre oeil en lisant.;Die Farbe des Buchstabens, auf den du beim Lesen schaust.;Culoarea literei la care te uiți când citești.
TrKey4.WizModeSub;RSVP: jedno słowo naraz. Przewijanie: zwykły tekst, który sam płynie.;RSVP: one word at a time. Scrolling: regular text that moves by itself.;RSVP: una palabra a la vez. Desplazamiento: texto normal que avanza solo.;RSVP : un mot à la fois. Défilement : texte normal qui avance seul.;RSVP: ein Wort nach dem anderen. Scrollen: normaler Text, der von selbst läuft.;RSVP: un cuvânt pe rând. Derulare: text obișnuit care curge singur.
TrKey4.WizPreview;Podgląd;Preview;Vista previa;Aperçu;Vorschau;Previzualizare
TrKey4.WizSuperSub;Podstawy gotowe;The basics are set;Lo básico está listo;L'essentiel est prêt;Die Grundlagen stehen;Bazele sunt gata
TrKey4.WizConfigureSub;Menu, czcionka, sposób czytania i telefon;Menu, typeface, reading mode and phone;Menú, tipografía, modo de lectura y teléfono;Menu, police, mode de lecture et téléphone;Menü, Schrift, Lesemodus und Telefon;Meniu, font, mod de citire și telefon
TrKey4.WizConnectLook;Zeskanuj kod aparatem telefonu;Scan the code with your phone camera;Escanea el código con la cámara;Scannez le code avec l'appareil photo;Scanne den Code mit der Handykamera;Scanează codul cu camera telefonului
TrKey4.WizPairSub;Otwórz aplikację Flower i zeskanuj ten kod;Open the Flower app and scan this code;Abre la app Flower y escanea este código;Ouvrez l'app Flower et scannez ce code;Öffne die Flower-App und scanne diesen Code;Deschide aplicația Flower și scanează codul
TrKey4.SyncPagePairing;Połączenie;Pairing;Conexión;Connexion;Verbindung;Conectare
TrKey4.SyncPageApp;Pobierz aplikację;Get the app;Descargar la app;Télécharger l'app;App laden;Descarcă aplicația
TrKey4.SyncAppTitle;Aplikacja Flower;Flower app;App Flower;App Flower;Flower-App;Aplicația Flower
TrKey4.SyncAppHint;Zeskanuj aparatem telefonu i zainstaluj aplikację. Potem wróć na stronę Połączenie.;Scan with your phone camera and install the app. Then come back to Pairing.;Escanea con la cámara e instala la app. Luego vuelve a Conexión.;Scannez avec l'appareil photo et installez l'app. Puis revenez à Connexion.;Mit der Handykamera scannen und die App installieren. Dann zurück zu Verbindung.;Scanează cu camera și instalează aplicația. Apoi revino la Conectare.
FtStr.PresetPomodoro;Pomodoro;Pomodoro;Pomodoro;Pomodoro;Pomodoro;Pomodoro
FtStr.PresetShort;Krótka sesja;Short session;Sesión corta;Session courte;Kurze Sitzung;Sesiune scurtă
FtStr.PresetDeep;Długa sesja;Deep work;Trabajo profundo;Travail profond;Vertiefte Arbeit;Muncă profundă
FtStr.Start;Start;Start;Iniciar;Démarrer;Start;Start
FtStr.ModeReadyFocus;Gotowy;Ready;Listo;Prêt;Bereit;Gata
FtStr.ModeFocus;Skupienie;Focus;Concentración;Concentration;Fokus;Concentrare
FtStr.ModePaused;Pauza;Paused;Pausa;Pause;Pause;Pauză
FtStr.ModeReadyBreak;Zaraz przerwa;Break soon;Descanso pronto;Pause bientôt;Pause bald;Pauză în curând
FtStr.ModeBreak;Przerwa;Break;Descanso;Pause;Pause;Pauză
FtStr.ModeComplete;Koniec!;Complete;Completado;Terminé;Fertig;Finalizat
FtStr.InstrFlipToStartFocus;Postaw na krótszym boku albo dotknij, by zacząć;Stand it on a short edge or tap to start;Apoya sobre el lado corto o toca para empezar;Posez sur la tranche ou touchez pour commencer;Auf die Schmalseite stellen oder tippen zum Starten;Așază pe latura scurtă sau atinge pentru start
FtStr.InstrFlipToStartBreak;Odwróć na drugi bok albo dotknij, by zacząć przerwę;Flip to the other edge or tap for the break;Gira al otro lado o toca para el descanso;Retournez ou touchez pour la pause;Umdrehen oder tippen für die Pause;Întoarce sau atinge pentru pauză
FtStr.InstrLayFlatToPause;Połóż płasko, by zapauzować;Lay it flat to pause;Ponlo plano para pausar;Posez à plat pour mettre en pause;Flach legen zum Pausieren;Așază plat pentru pauză
FtStr.InstrFlipToResume;Wróć do poprzedniej pozycji, by wznowić;Flip back to resume;Vuelve a la posición anterior para continuar;Revenez à la position précédente pour reprendre;Zurückdrehen zum Fortsetzen;Revino la poziția anterioară pentru a continua
FtStr.InstrTapToPause;Dotknij, by zapauzować;Tap to pause;Toca para pausar;Touchez pour mettre en pause;Tippen zum Pausieren;Atinge pentru pauză
FtStr.InstrTapToResume;Dotknij, by wznowić;Tap to resume;Toca para continuar;Touchez pour reprendre;Tippen zum Fortsetzen;Atinge pentru a continua
FtStr.InstrTapToFinish;Dotknij, by zakończyć;Tap to finish;Toca para terminar;Touchez pour terminer;Zum Beenden tippen;Atinge pentru a termina
FtStr.Round;Runda;Round;Ronda;Tour;Runde;Runda
TrStatus.OpeningBook;Otwieranie książki;Opening book;Abriendo libro;Ouverture du livre;Buch wird geöffnet;Se deschide cartea
TrStatus.CheckingIndex;Sprawdzanie indeksu;Checking index;Comprobando índice;Vérification de l'index;Index wird geprüft;Se verifică indexul
TrStatus.CheckingSavedIndex;Sprawdzanie zapisanego indeksu;Checking saved index;Comprobando índice guardado;Vérification de l'index enregistré;Gespeicherter Index wird geprüft;Se verifică indexul salvat
TrStatus.LoadingWordCache;Wczytywanie słów;Loading word cache;Cargando palabras;Chargement des mots;Wörter werden geladen;Se încarcă cuvintele
TrStatus.OpeningWordCache;Otwieranie słów;Opening word cache;Abriendo palabras;Ouverture des mots;Wörter werden geöffnet;Se deschid cuvintele
TrStatus.BookOpenFailed;Nie udało się otworzyć książki;Book open failed;No se pudo abrir el libro;Échec d'ouverture du livre;Buch lässt sich nicht öffnen;Cartea nu s-a deschis
TrStatus.WordCacheUnreadable;Nie można odczytać słów;Word cache unreadable;No se pueden leer las palabras;Mots illisibles;Wörter nicht lesbar;Cuvintele nu pot fi citite
TrStatus.RestoringPosition;Przywracanie miejsca;Restoring position;Restaurando posición;Restauration de la position;Position wird wiederhergestellt;Se restabilește poziția
TrStatus.UsingCachedEstimate;Zapisany czas czytania;Using cached estimate;Usando estimación guardada;Estimation enregistrée;Gespeicherte Schätzung;Estimare salvată
TrStatus.ReadingTime;Czas czytania;Reading time;Tiempo de lectura;Temps de lecture;Lesezeit;Timp de citire
TrStatus.FastEstimate;Szybkie szacowanie włączone;Fast estimate enabled;Estimación rápida activada;Estimation rapide activée;Schnelle Schätzung aktiv;Estimare rapidă activată
TrStatus.WordsInBackground;słów w tle;words in background;palabras en segundo plano;mots en arrière-plan;Wörter im Hintergrund;cuvinte în fundal
TrStatus.CurrentBook;Bieżąca książka;Current book;Libro actual;Livre actuel;Aktuelles Buch;Cartea curentă
TrStatus.BookReadFailed;Błąd odczytu książki;Book read failed;Error al leer el libro;Erreur de lecture du livre;Buch nicht lesbar;Eroare la citirea cărții
TrStatus.ReopenFromLibrary;Otwórz ponownie z biblioteki;Reopen from library;Vuelve a abrirlo desde la biblioteca;Rouvrez-le depuis la bibliothèque;Erneut aus der Bibliothek öffnen;Redeschide din bibliotecă
TrStatus.ParsingContent;Analiza treści;Parsing content;Analizando contenido;Analyse du contenu;Inhalt wird analysiert;Se analizează conținutul
TrStatus.ExtractingContent;Wyodrębnianie treści;Extracting content;Extrayendo contenido;Extraction du contenu;Inhalt wird extrahiert;Se extrage conținutul
TrStatus.OpeningEpub;Otwieranie EPUB;Opening EPUB;Abriendo EPUB;Ouverture de l'EPUB;EPUB wird geöffnet;Se deschide EPUB
TrStatus.ReadingArchive;Odczyt archiwum;Reading archive;Leyendo archivo;Lecture de l'archive;Archiv wird gelesen;Se citește arhiva
TrStatus.ReadingMetadata;Odczyt metadanych;Reading metadata;Leyendo metadatos;Lecture des métadonnées;Metadaten werden gelesen;Se citesc metadatele
TrStatus.ReadingPackage;Odczyt pakietu;Reading package;Leyendo paquete;Lecture du paquet;Paket wird gelesen;Se citește pachetul
TrStatus.BuildingOrder;Ustalanie kolejności czytania;Building reading order;Creando orden de lectura;Ordre de lecture;Lesereihenfolge wird erstellt;Se stabilește ordinea de citire
TrStatus.ParsedContent;Treść przeanalizowana;Parsed content;Contenido analizado;Contenu analysé;Inhalt analysiert;Conținut analizat
TrStatus.FinishingEpub;Kończenie EPUB;Finishing EPUB;Terminando EPUB;Finalisation de l'EPUB;EPUB wird abgeschlossen;Se finalizează EPUB
TrStatus.EpubConverted;EPUB przekonwertowany;EPUB converted;EPUB convertido;EPUB converti;EPUB konvertiert;EPUB convertit
TrStatus.PreviousRestart;Poprzedni restart;Previous restart;Reinicio anterior;Redémarrage précédent;Vorheriger Neustart;Repornire anterioară
TrStatus.SkippingEpub;Pomijam ten EPUB;Skipping this EPUB;Se omite este EPUB;EPUB ignoré;EPUB wird übersprungen;Se omite acest EPUB
TrStatus.MountingCard;Montowanie karty;Mounting card;Montando tarjeta;Montage de la carte;Karte wird eingebunden;Se montează cardul
TrStatus.ScanningBooks;Szukanie książek;Scanning books;Buscando libros;Recherche des livres;Bücher werden gesucht;Se caută cărți
TrStatus.EpubConvertsOnOpen;EPUB konwertuje się przy otwarciu;EPUB converts on open;EPUB se convierte al abrirlo;L'EPUB est converti à l'ouverture;EPUB wird beim Öffnen konvertiert;EPUB se convertește la deschidere
TrStatus.EpubUnsupported;EPUB nieobsługiwany;EPUB unsupported;EPUB no compatible;EPUB non pris en charge;EPUB nicht unterstützt;EPUB neacceptat
TrStatus.BuildFlagDisabled;Wyłączone w tej wersji;Build flag is disabled;Desactivado en esta versión;Désactivé dans cette version;In dieser Version deaktiviert;Dezactivat în această versiune
TrStatus.PreparingBook;Przygotowanie książki;Preparing book;Preparando libro;Préparation du livre;Buch wird vorbereitet;Se pregătește cartea
TrStatus.EpubMissing;Brak pliku EPUB;EPUB missing;Falta el EPUB;EPUB introuvable;EPUB fehlt;EPUB lipsește
TrStatus.ConvertingEpub;Konwersja EPUB;Converting EPUB;Convirtiendo EPUB;Conversion de l'EPUB;EPUB wird konvertiert;Se convertește EPUB
TrStatus.EpubConversionFailed;Konwersja EPUB nieudana;EPUB conversion failed;Falló la conversión EPUB;Échec de la conversion EPUB;EPUB-Konvertierung fehlgeschlagen;Conversia EPUB a eșuat
TrStatus.CheckSerialMonitor;Sprawdź log przez USB;Check serial monitor;Revisa el registro USB;Voir le journal USB;USB-Protokoll prüfen;Verifică jurnalul USB
TrStatus.ConversionComplete;Konwersja zakończona;Conversion complete;Conversión completa;Conversion terminée;Konvertierung abgeschlossen;Conversie finalizată
TrStatus.IndexFailed;Błąd indeksowania;Index failed;Error de índice;Échec de l'index;Index fehlgeschlagen;Indexare eșuată
TrStatus.FileUnreadable;Nie można odczytać pliku;File unreadable;Archivo ilegible;Fichier illisible;Datei nicht lesbar;Fișier ilizibil
TrStatus.NoReadableWords;Brak słów do czytania;No readable words;Sin palabras legibles;Aucun mot lisible;Keine lesbaren Wörter;Niciun cuvânt lizibil
TrStatus.BookTooLarge;Książka za duża;Book too large;Libro demasiado grande;Livre trop volumineux;Buch zu groß;Carte prea mare
TrStatus.SourceReadFailed;Błąd odczytu pliku;Source read failed;Error al leer el archivo;Erreur de lecture du fichier;Datei-Lesefehler;Eroare la citirea fișierului
TrStatus.IndexingBook;Indeksowanie książki;Indexing book;Indexando libro;Indexation du livre;Buch wird indiziert;Se indexează cartea
TrStatus.BuildingWordIndex;Budowanie indeksu słów;Building word index;Creando índice de palabras;Création de l'index des mots;Wortindex wird erstellt;Se creează indexul cuvintelor
TrStatus.SdWriteFailed;Błąd zapisu na SD;SD write failed;Error de escritura en SD;Échec d'écriture SD;SD-Schreibfehler;Eroare la scrierea pe SD
TrStatus.RenameFailed;Błąd zmiany nazwy;Rename failed;Error al renombrar;Échec du renommage;Umbenennen fehlgeschlagen;Redenumire eșuată
TrStatus.IndexReady;Indeks gotowy;Index ready;Índice listo;Index prêt;Index bereit;Index gata
TrStatus.BookReady;Książka gotowa;Book ready;Libro listo;Livre prêt;Buch bereit;Carte gata
TrStatus.IndexIsCurrent;Indeks aktualny;Index is current;Índice actualizado;Index à jour;Index ist aktuell;Indexul este actual
TrStatus.IndexNeeded;Potrzebny indeks;Index needed;Se necesita índice;Index nécessaire;Index erforderlich;Index necesar
TrStatus.OpenFromLibrary;Otwórz z biblioteki;Open from library;Ábrelo desde la biblioteca;Ouvrir depuis la bibliothèque;Aus der Bibliothek öffnen;Deschide din bibliotecă
TrStatus.IndexNeedsRebuild;Indeks do przebudowy;Index needs rebuild;El índice debe regenerarse;L'index doit être reconstruit;Index wird neu erstellt;Indexul trebuie refăcut
TrStatus.ValidationFailed;Błąd sprawdzania;Validation failed;Falló la validación;Échec de la validation;Prüfung fehlgeschlagen;Validare eșuată
TrStatus.SdNotMounted;Karta SD niezamontowana;SD not mounted;SD no montada;SD non montée;SD nicht eingebunden;SD nemontat
TrStatus.CheckCard;Sprawdź kartę;Check card;Revisa la tarjeta;Vérifiez la carte;Karte prüfen;Verifică cardul
TrStatus.FoldersMissing;Brak folderów;Folders missing;Faltan carpetas;Dossiers manquants;Ordner fehlen;Lipsesc dosare
TrStatus.RunSdCheck;Uruchom test karty SD;Run SD check;Ejecuta la prueba SD;Lancez le test SD;SD-Test starten;Rulează testul SD
TrStatus.NoBooksFound;Nie znaleziono książek;No books found;No se encontraron libros;Aucun livre trouvé;Keine Bücher gefunden;Nu s-au găsit cărți
TrStatus.AddBooksToSd;Dodaj książki na kartę SD;Add books to SD;Añade libros a la SD;Ajoutez des livres sur la SD;Bücher auf die SD kopieren;Adaugă cărți pe SD
TrStatus.LibraryChanged;Biblioteka się zmieniła;Library changed;La biblioteca cambió;Bibliothèque modifiée;Bibliothek geändert;Biblioteca s-a schimbat
TrStatus.OpenListAgain;Otwórz listę ponownie;Open list again;Abre la lista de nuevo;Rouvrez la liste;Liste erneut öffnen;Deschide din nou lista
TrStatus.ConversionCacheMissing;Brak przekonwertowanego pliku;Conversion cache missing;Falta el archivo convertido;Fichier converti manquant;Konvertierte Datei fehlt;Lipsește fișierul convertit
TrStatus.IndexInvalid;Indeks nieprawidłowy;Index invalid;Índice no válido;Index non valide;Index ungültig;Index nevalid
TrStatus.IndexUnreadable;Nie można odczytać indeksu;Index unreadable;Índice ilegible;Index illisible;Index nicht lesbar;Index ilizibil
TrStatus.SdCheck;Test karty SD;SD check;Prueba SD;Test SD;SD-Test;Test SD
TrStatus.CheckingFolders;Sprawdzanie folderów;Checking folders;Comprobando carpetas;Vérification des dossiers;Ordner werden geprüft;Se verifică dosarele
TrStatus.ConfirmRepair;Potwierdź naprawę;Confirm repair;Confirma la reparación;Confirmez la réparation;Reparatur bestätigen;Confirmă repararea
TrStatus.ScanningBooksFolder;Przeszukiwanie /books;Scanning /books;Buscando en /books;Analyse de /books;/books wird durchsucht;Se scanează /books
TrStatus.TestingWrite;Test zapisu;Testing write;Probando escritura;Test d'écriture;Schreibtest;Test de scriere
TrStatus.ReadingLibrary;Wczytywanie biblioteki;Reading library;Leyendo biblioteca;Lecture de la bibliothèque;Bibliothek wird gelesen;Se citește biblioteca
TrStatus.MemoryLimit;Brak pamięci;Memory limit reached;Límite de memoria alcanzado;Mémoire insuffisante;Speichergrenze erreicht;Limita de memorie atinsă
TrStatus.TryConverterApp;Użyj konwertera w aplikacji;Try converter/app;Usa el conversor de la app;Utilisez le convertisseur de l'app;Konverter in der App nutzen;Folosește convertorul din aplicație
TrStatus.FontTitle;Czcionka;Font;Fuente;Police;Schrift;Font
TrStatus.FontNotOnSd;Brak na karcie SD;Not found on SD;No está en la SD;Absente de la SD;Nicht auf der SD;Nu există pe SD
TrStatus.UsingAtkinson;Używam Atkinson;Using Atkinson;Usando Atkinson;Atkinson utilisée;Atkinson wird verwendet;Se folosește Atkinson
TrStatus.ScanningNetworks;Szukanie sieci;Scanning networks;Buscando redes;Recherche des réseaux;Netzwerke werden gesucht;Se caută rețele
TrStatus.OtaCheckRunning;Trwa sprawdzanie aktualizacji;OTA check running;Buscando actualización;Recherche de mise à jour;Update-Prüfung läuft;Se caută actualizări
TrStatus.TryAgainSoon;Spróbuj za chwilę;Try again soon;Inténtalo en un momento;Réessayez bientôt;Gleich erneut versuchen;Încearcă puțin mai târziu
TrStatus.Password;Hasło;Password;Contraseña;Mot de passe;Passwort;Parolă
TrStatus.WifiSecure;Zabezpieczona;Secure;Protegida;Sécurisé;Gesichert;Securizată
TrStatus.WifiOpen;Otwarta;Open;Abierta;Ouvert;Offen;Deschisă
TrStatus.Ready;GOTOWY;READY;LISTO;PRÊT;BEREIT;GATA
TrStatus.SleepWord;UŚPIENIE;SLEEP;REPOSO;VEILLE;RUHE;REPAUS
TrStatus.OffTitle;WYŁĄCZONY;OFF;APAGADO;ÉTEINT;AUS;OPRIT
TrStatus.ChapterCaps;ROZDZIAŁ;CHAPTER;CAPÍTULO;CHAPITRE;KAPITEL;CAPITOL
TrStatus.FooterChapter;ROZDZ.;CH;CAP.;CHAP.;KAP.;CAP.
TrStatus.FooterBook;KSIĄŻKA;BOOK;LIBRO;LIVRE;BUCH;CARTE
TrStatus.Preview;Podgląd;Preview;Vista previa;Aperçu;Vorschau;Previzualizare
TrStatus.SpacingCompact;Ciasno;Compact;Compacto;Serré;Kompakt;Compact
TrStatus.SpacingNormal;Normalnie;Normal;Normal;Normal;Normal;Normal
TrStatus.SpacingRelaxed;Luźno;Relaxed;Amplio;Aéré;Locker;Aerisit
TrStatus.MarginNarrow;Wąskie;Narrow;Estrecho;Étroit;Schmal;Îngust
TrStatus.MarginWide;Szerokie;Wide;Ancho;Large;Breit;Lat
TrStatus.KeySpace;spacja;space;espacio;espace;Leertaste;spațiu
TrStatus.KeyBack;usuń;back;borrar;effacer;löschen;șterge
TrStatus.KeyHide;ukryj;hide;ocultar;masquer;verbergen;ascunde
TrStatus.KeyShow;pokaż;show;mostrar;afficher;zeigen;arată
TrStatus.KeyClear;wyczyść;clear;limpiar;vider;leeren;golește
TrStatus.KeySave;zapisz;save;guardar;valider;speichern;salvează
TrStatus.KeyCancel;anuluj;cancel;cancelar;annuler;abbrechen;anulează
TrKey4.TypoTitle;Wygląd czytania;Reading look;Aspecto de lectura;Aspect de lecture;Leseansicht;Aspect lectură
TrKey4.TypoColors;Kolory;Colors;Colores;Couleurs;Farben;Culori
TrKey4.TypoText;Tekst;Text;Texto;Texte;Text;Text
TrKey4.TypoGuide;Prowadnica;Guide;Guía;Repère;Führung;Ghid
TrKey4.TypoHighlight;Wyróżnij literę;Highlight letter;Resaltar letra;Lettre en relief;Buchstabe betonen;Evidențiază litera
TrKey4.TypoSpacing;Odstęp liter;Letter spacing;Espaciado;Espacement;Laufweite;Spațiere
TrKey4.TypoNeighbours;Słowa obok;Nearby words;Palabras vecinas;Mots voisins;Nachbarwörter;Cuvinte vecine
TrKey4.TypoPosition;Pozycja słowa;Word position;Posición;Position du mot;Wortposition;Poziția cuvântului
TrKey4.TypoLineLength;Długość linii;Line length;Largo de línea;Longueur trait;Linienlänge;Lungime linie
TrKey4.TypoLineGap;Przerwa w linii;Line gap;Hueco;Écart;Lücke;Spațiu
TrKey4.TypoDefaults;Domyślne;Defaults;Por defecto;Par défaut;Standard;Implicit
TrKey4.ThemeMenuColors;Kolory menu;Menu colors;Colores menú;Couleurs menu;Menüfarben;Culori meniu
TrKey4.ThemeMenuFont;Czcionka menu;Menu font;Fuente menú;Police menu;Menüschrift;Font meniu
TrKey4.WizSdMissingTitle;Włóż kartę microSD;Insert a microSD card;Inserta una tarjeta microSD;Insérez une carte microSD;Lege eine microSD-Karte ein;Introdu un card microSD
TrKey4.WizSdMissingSub;Na karcie są książki i czcionki. Włóż ją i dotknij Sprawdź.;Books and fonts live on the card. Insert it and tap Check.;Los libros y las fuentes van en la tarjeta. Insértala y toca Comprobar.;Livres et polices sont sur la carte. Insérez-la et touchez Vérifier.;Bücher und Schriften liegen auf der Karte. Einlegen und Prüfen tippen.;Cărțile și fonturile stau pe card. Introdu-l și atinge Verifică.
TrKey4.WizSdFormatTitle;Karta wymaga formatowania;The card needs formatting;La tarjeta necesita formato;La carte doit être formatée;Die Karte muss formatiert werden;Cardul trebuie formatat
TrKey4.WizSdFormatSub;Czytnik nie może jej odczytać. Formatowanie usunie wszystko, co na niej jest.;The reader can't read it. Formatting erases everything on it.;El lector no puede leerla. Formatear borra todo su contenido.;Le lecteur ne peut pas la lire. Le formatage efface tout son contenu.;Der Reader kann sie nicht lesen. Formatieren löscht alles darauf.;Cititorul nu îl poate citi. Formatarea șterge tot de pe el.
TrKey4.WizSdConfirmSub;Na pewno? Tego nie da się cofnąć.;Sure? This can't be undone.;¿Seguro? No se puede deshacer.;Sûr ? C'est irréversible.;Sicher? Das lässt sich nicht rückgängig machen.;Sigur? Nu se poate anula.
TrKey4.WizSdFormatting;Formatuję kartę;Formatting the card;Formateando la tarjeta;Formatage de la carte;Karte wird formatiert;Se formatează cardul
TrKey4.WizSdFormattingSub;Nie wyjmuj karty;Don't remove the card;No saques la tarjeta;Ne retirez pas la carte;Karte nicht entnehmen;Nu scoate cardul
TrKey4.WizSdFailedTitle;Nie udało się sformatować;Formatting failed;No se pudo formatear;Échec du formatage;Formatieren fehlgeschlagen;Formatarea a eșuat
TrKey4.WizSdFailedSub;Sformatuj kartę w komputerze jako FAT32 albo użyj innej.;Format the card as FAT32 on a computer, or try another card.;Formatea la tarjeta como FAT32 en un ordenador o usa otra.;Formatez la carte en FAT32 sur un ordinateur ou utilisez-en une autre.;Formatiere die Karte am Computer als FAT32 oder nimm eine andere.;Formatează cardul ca FAT32 pe calculator sau folosește altul.
TrKey4.WizSdCheck;Sprawdź;Check;Comprobar;Vérifier;Prüfen;Verifică
TrKey4.WizSdFormat;Formatuj;Format;Formatear;Formater;Formatieren;Formatează
TrKey4.WizSdFormatYes;Tak, formatuj;Yes, format;Sí, formatear;Oui, formater;Ja, formatieren;Da, formatează
TrKey4.WizSdSkip;Pomiń;Skip;Omitir;Passer;Überspringen;Omite
TrKey4.WizMenuThemeTitle;Wybierz wygląd menu;Choose the menu look;Elige el aspecto del menú;Choisissez l'apparence du menu;Wähle das Menü-Design;Alege aspectul meniului
TrKey4.WizMenuThemeSub;Kolory menu i ustawień. Ekran czytania zostaje taki, jak wybrałeś.;Colors of menus and settings. The reading screen stays as you set it.;Colores de menús y ajustes. La pantalla de lectura se queda como la elegiste.;Couleurs des menus et réglages. L'écran de lecture reste tel quel.;Farben für Menüs und Einstellungen. Der Lesebildschirm bleibt, wie du ihn gewählt hast.;Culorile meniurilor și setărilor. Ecranul de citire rămâne cum l-ai ales.
TrKey4.WizFontSub;Tak będą wyglądać słowa w książkach. Menu zostaje w swojej czcionce.;This is how words will look in your books. The menu keeps its own font.;Así se verán las palabras en tus libros. El menú mantiene su fuente.;Voici l'aspect des mots dans vos livres. Le menu garde sa police.;So sehen die Wörter in deinen Büchern aus. Das Menü behält seine Schrift.;Așa vor arăta cuvintele în cărți. Meniul își păstrează fontul.
TrKey4.WizFontsStillLoading;Reszta czcionek jeszcze się pobiera;More typefaces are still downloading;Aún se descargan más tipografías;D'autres polices se téléchargent encore;Weitere Schriften werden noch geladen;Se mai descarcă fonturi
TrKey4.WizUpdateChecking;Sprawdzam aktualizacje;Checking for updates;Buscando actualizaciones;Recherche de mises à jour;Suche nach Updates;Caut actualizări
TrKey4.WizUpdateInstalling;Pobieram nową wersję;Downloading the new version;Descargando la nueva versión;Téléchargement de la nouvelle version;Neue Version wird geladen;Descarc versiunea nouă
TrKey4.WizUpdateRestart;Uruchamiam ponownie, konfiguracja wróci w tym miejscu;Restarting, setup picks up right here;Reiniciando, la configuración seguirá aquí;Redémarrage, la configuration reprendra ici;Neustart, die Einrichtung geht hier weiter;Repornesc, configurarea continuă de aici
TrKey4.WizFontsProgress;Pobieram czcionki;Downloading typefaces;Descargando tipografías;Téléchargement des polices;Schriften werden geladen;Descarc fonturile
TrKey4.WizBooksProgress;Pobieram książki;Downloading books;Descargando libros;Téléchargement des livres;Bücher werden geladen;Descarc cărțile
TrKey4.WizWifiSearching;Szukam sieci Wi-Fi;Looking for Wi-Fi networks;Buscando redes Wi-Fi;Recherche des réseaux Wi-Fi;Suche WLAN-Netze;Caut rețele Wi-Fi
TrKey4.WizWifiSearchingSub;To potrwa kilka sekund;This takes a few seconds;Tarda unos segundos;Cela prend quelques secondes;Das dauert ein paar Sekunden;Durează câteva secunde
TrKey4.WizPick;Wybieram;Pick this;Elegir;Choisir;Auswählen;Aleg
TrKey4.WizLibrarySub;Wybierz tytuł na start. Kolejne dodasz z aplikacji Flower.;Pick a title to start with. Add more from the Flower app.;Elige un título para empezar. Añade más desde la app Flower.;Choisissez un titre pour commencer. Ajoutez-en depuis l'appli Flower.;Wähle einen Titel für den Anfang. Mehr fügst du in der Flower-App hinzu.;Alege un titlu pentru început. Adaugi altele din aplicația Flower.
TrKey4.WizMenuFontTitle;Wybierz czcionkę menu;Choose the menu font;Elige la fuente del menú;Choisissez la police du menu;Wähle die Menüschrift;Alege fontul meniului
TrKey4.WizMenuFontSub;Napisy w menu i ustawieniach. Czcionkę do książek wybierzesz w następnym kroku.;Text in menus and settings. You pick the font for books in the next step.;Textos de menús y ajustes. La fuente de los libros la eliges en el siguiente paso.;Textes des menus et réglages. La police des livres se choisit à l'étape suivante.;Texte in Menüs und Einstellungen. Die Schrift für Bücher wählst du im nächsten Schritt.;Textele din meniuri și setări. Fontul pentru cărți îl alegi la pasul următor.
TrKey4.WizReadFontTitle;Wybierz czcionkę do czytania;Choose the reading font;Elige la fuente de lectura;Choisissez la police de lecture;Wähle die Leseschrift;Alege fontul de citire
TrKey4.WizBookDownloading;Pobieram książkę;Downloading the book;Descargando el libro;Téléchargement du livre;Buch wird geladen;Descarc cartea
TrKey4.WizBookFailed;Tej książki nie udało się pobrać. Wybierz inną albo pomiń.;This book didn't download. Pick another or skip.;No se pudo descargar este libro. Elige otro u omite.;Ce livre n'a pas pu être téléchargé. Choisissez-en un autre ou passez.;Dieses Buch ließ sich nicht laden. Wähle ein anderes oder überspringe.;Cartea nu s-a descărcat. Alege alta sau sari peste.
TrKey4.WizBooksStillLoading;Część książek jeszcze się pobiera;Some books are still downloading;Algunos libros aún se descargan;Certains livres se téléchargent encore;Einige Bücher werden noch geladen;Unele cărți se mai descarcă
TrKey4.WizPhrase4;Cała biblioteka w kieszeni;Your library in your pocket;Toda tu biblioteca en el bolsillo;Votre bibliothèque dans la poche;Deine Bibliothek in der Tasche;Toată biblioteca în buzunar
TrKey4.WizPhrase5;Kilka minut dziennie wystarczy;A few minutes a day is enough;Bastan unos minutos al día;Quelques minutes par jour suffisent;Ein paar Minuten am Tag reichen;Câteva minute pe zi ajung
TrKey4.WizPhrase6;Czytaj w swoim tempie;Read at your own pace;Lee a tu ritmo;Lisez à votre rythme;Lies in deinem Tempo;Citește în ritmul tău
TrKey4.WizPhrase7;Jedno słowo naraz;One word at a time;Una palabra cada vez;Un mot à la fois;Ein Wort nach dem anderen;Un cuvânt pe rând
TrKey4.WizPhrase8;Zaraz zaczynamy;Almost ready to start;Empezamos enseguida;On commence bientôt;Gleich geht es los;Începem imediat
TrKey4.WizTipLabel;Wskazówka:;Tip:;Consejo:;Astuce :;Tipp:;Sfat:
TrKey4.WizTip1;przytrzymaj palec na słowie, a czytnik czyta, dopóki trzymasz.;hold your finger on the word and the reader keeps going while you hold.;mantén el dedo sobre la palabra y el lector avanza mientras lo mantengas.;gardez le doigt sur le mot, la lecture continue tant que vous appuyez.;halte den Finger auf dem Wort, dann liest der Reader, solange du hältst.;ține degetul pe cuvânt și cititorul merge cât timp îl ții.
TrKey4.WizTip2;przesuń palcem w bok po słowie, żeby cofnąć się albo pójść dalej.;swipe sideways over the word to go back or skip ahead.;desliza el dedo de lado sobre la palabra para retroceder o avanzar.;glissez le doigt sur le côté du mot pour reculer ou avancer.;wische seitlich über das Wort, um zurück- oder vorzuspringen.;glisează lateral peste cuvânt ca să mergi înapoi sau înainte.
TrKey4.WizTip3;dotknij paska u góry, żeby przejść do procentu, strony albo rozdziału.;tap the bar at the top to jump to a percent, page or chapter.;toca la barra superior para saltar a un porcentaje, página o capítulo.;touchez la barre du haut pour aller à un pourcentage, une page ou un chapitre.;tippe auf die Leiste oben, um zu Prozent, Seite oder Kapitel zu springen.;atinge bara de sus ca să sari la un procent, o pagină sau un capitol.
TrKey4.WizTip4;przycisk << wraca na początek zdania.;the << button takes you back to the start of the sentence.;el botón << vuelve al principio de la frase.;le bouton << revient au début de la phrase.;die Taste << springt zum Satzanfang zurück.;butonul << te duce la începutul propoziției.
TrKey4.WizTip5;dla większości osób wygodny start to 250-350 słów na minutę.;most people start comfortably at 250-350 words per minute.;para la mayoría, un buen comienzo son 250-350 palabras por minuto.;pour commencer, 250 à 350 mots par minute conviennent à la plupart.;für die meisten ist 250-350 Wörter pro Minute ein bequemer Start.;pentru majoritatea, un început comod e 250-350 de cuvinte pe minut.
TrKey4.WizTip6;kolorowa litera to miejsce, na które patrzysz. Oko nie skacze po linijkach.;look at the colored letter. Your eyes stay put instead of hopping along lines.;mira la letra de color. La vista no salta de línea en línea.;regardez la lettre colorée. Le regard ne saute plus de ligne en ligne.;schau auf den farbigen Buchstaben. Das Auge springt nicht mehr durch die Zeilen.;privește litera colorată. Ochiul nu mai sare din rând în rând.
TrKey4.WizTip7;krótkie naciśnięcie przycisku zasilania otwiera menu, przytrzymanie wyłącza czytnik.;a short press of the power button opens the menu, holding it turns the reader off.;una pulsación corta del botón de encendido abre el menú, mantenerlo apaga el lector.;un appui court sur le bouton d'alimentation ouvre le menu, un appui long éteint le lecteur.;kurz die Ein-Taste drücken öffnet das Menü, gedrückt halten schaltet den Reader aus.;o apăsare scurtă pe butonul de pornire deschide meniul, ținut apăsat oprește cititorul.
TrKey4.WizTip8;książki wyślesz z aplikacji Flower. Na czytniku otwórz Urządzenie > Aplikacja.;send books from the Flower app. On the reader, open Device > Phone app.;envía libros desde la app Flower. En el lector, abre Dispositivo > App móvil.;envoyez des livres depuis l'appli Flower. Sur le lecteur, ouvrez Appareil > Appli.;Bücher schickst du aus der Flower-App. Am Reader Gerät > Handy-App öffnen.;trimiți cărți din aplicația Flower. Pe cititor deschide Dispozitiv > Aplicație.
TrKey4.WizTip9;kółko ? przy opcji w Ustawieniach otwiera jej pełny opis.;the ? circle next to a setting opens its full description.;el círculo ? junto a un ajuste abre su descripción completa.;le rond ? à côté d'un réglage ouvre sa description complète.;der Kreis ? neben einer Einstellung öffnet ihre ganze Beschreibung.;cercul ? de lângă o setare îi deschide descrierea completă.
TrKey4.WizTip10;kolory i czcionkę tekstu zmienisz na ekranie Wygląd czytania w Ustawieniach.;change the text colors and font on the Reading look screen in Settings.;cambia colores y fuente en Aspecto de lectura, dentro de Ajustes.;changez couleurs et police dans Aspect de lecture, depuis les Réglages.;Farben und Schrift änderst du unter Leseansicht in den Optionen.;schimbi culorile și fontul în Aspect lectură, din Setări.
TrKey4.WizWifiRescan;Szukaj ponownie;Search again;Buscar de nuevo;Rechercher à nouveau;Erneut suchen;Caută din nou
TrKey4.WizWifiRescanHint;Wi-Fi jest potrzebne, żeby pobrać czcionki i książki;Wi-Fi is needed to download typefaces and books;El Wi-Fi hace falta para descargar tipografías y libros;Le Wi-Fi sert à télécharger polices et livres;WLAN wird für Schriften und Bücher gebraucht;Wi-Fi e necesar pentru fonturi și cărți
TrKey4.WizWifiNoneSub;Sprawdź router albo podejdź bliżej i szukaj ponownie;Check the router or move closer, then search again;Revisa el router o acércate y busca de nuevo;Vérifiez le routeur ou rapprochez-vous, puis relancez;Prüfe den Router oder geh näher ran und such erneut;Verifică routerul sau apropie-te și caută din nou
TrKey4.WifiFailPassword;Złe hasło do sieci;Wrong network password;Contraseña de red incorrecta;Mot de passe réseau incorrect;Falsches WLAN-Passwort;Parolă de rețea greșită
TrKey4.WifiFailNotFound;Nie widzę tej sieci;This network is out of range;Esta red no está al alcance;Ce réseau est hors de portée;Dieses Netz ist nicht in Reichweite;Rețeaua nu e în raza de acoperire
TrKey4.WifiFailNoAnswer;Router nie odpowiada;The router does not answer;El router no responde;Le routeur ne répond pas;Der Router antwortet nicht;Routerul nu răspunde
TrKey4.WifiFailBusy;Radio zajęte, spróbuj za chwilę;The radio is busy, try again shortly;La radio está ocupada, prueba en un momento;La radio est occupée, réessayez bientôt;Funk belegt, gleich nochmal versuchen;Radioul e ocupat, încearcă imediat
TrKey4.SaverOff;Wyłączony;Off;Apagado;Désactivé;Aus;Oprit
TrKey4.FontDamaged;Plik czcionki był uszkodzony, pobiorę go ponownie;The font file was damaged, it will download again;El archivo de fuente estaba dañado, se descargará de nuevo;Le fichier de police était abîmé, il sera retéléchargé;Die Schriftdatei war beschädigt, sie wird neu geladen;Fișierul fontului era deteriorat, se descarcă din nou
TrKey4.FontMissing;Tej czcionki nie ma na karcie;This font is not on the card;Esta fuente no está en la tarjeta;Cette police n'est pas sur la carte;Diese Schrift ist nicht auf der Karte;Fontul nu e pe card
TrKey4.FontUsingAtkinson;Na razie czytasz w Atkinson;Reading in Atkinson for now;Por ahora lees en Atkinson;Lecture en Atkinson pour l'instant;Vorerst liest du in Atkinson;Deocamdată citești în Atkinson
TrKey4.WifiSessionColon;Sieć dla apki: ;App network: ;Red para la app: ;Réseau appli : ;Netz für die App: ;Rețea aplicație: 
TrKey4.WifiSessionStandard;30 s po starcie;30 s after start;30 s tras encender;30 s au démarrage;30 s nach dem Start;30 s după pornire
TrKey4.WifiSessionWhole;cała sesja;whole session;toda la sesión;toute la session;ganze Sitzung;toată sesiunea
TrKey4.WifiSessionAuto;auto;auto;auto;auto;auto;auto
TrKey4.WifiSessionNotAdvised;(niezalecane);(not advised);(no recomendado);(déconseillé);(nicht empfohlen);(nerecomandat)
TrKey4.SdSetupAssetsTitle;Pobierz zasoby czytnika na kartę;Download the reader's files to the card;Descarga los archivos del lector a la tarjeta;Téléchargez les fichiers du lecteur sur la carte;Lade die Dateien des Readers auf die Karte;Descarcă fișierele cititorului pe card
TrKey4.SdSetupAssetsSub;Na tej karcie nie ma czcionek czytnika. Pobiorę je przez Wi-Fi.;This card has none of the reader's fonts. They download over Wi-Fi.;Esta tarjeta no tiene las fuentes del lector. Se descargan por Wi-Fi.;Cette carte n'a pas les polices du lecteur. Elles se téléchargent par Wi-Fi.;Auf dieser Karte fehlen die Schriften des Readers. Sie kommen per WLAN.;Cardul nu are fonturile cititorului. Le descarc prin Wi-Fi.
TrKey4.SdSetupDownload;Pobierz;Download;Descargar;Télécharger;Laden;Descarcă
TrKey4.SdSetupDecline;Nie pobieram;Not now;Ahora no;Pas maintenant;Nicht jetzt;Nu acum
TrKey4.SdSetupNoWifiTitle;Brak zapisanej sieci Wi-Fi;No saved Wi-Fi network;No hay red Wi-Fi guardada;Aucun réseau Wi-Fi enregistré;Kein WLAN gespeichert;Nicio rețea Wi-Fi salvată
TrKey4.SdSetupNoWifiSub;Zapisz sieć w aplikacji Flower: Czytnik kart, potem Z telefonu;Save one in the Flower app: Card reader, then From phone;Guarda una en la app Flower: Lector de tarjetas, luego Desde el móvil;Enregistrez-en un dans l'appli Flower : Lecteur de carte, puis Depuis le téléphone;Speichere eins in der Flower-App: Kartenleser, dann Vom Handy;Salvează una în aplicația Flower: Cititor de card, apoi De pe telefon
TrKey4.CardReaderTitleShort;Czytnik kart;Card reader;Lector de tarjetas;Lecteur de carte;Kartenleser;Cititor de card
TrKey4.SdSetupDownloading;Pobieram zasoby na kartę;Downloading to the card;Descargando a la tarjeta;Téléchargement sur la carte;Lade auf die Karte;Descarc pe card
TrKey4.SdSetupDownloadingSub;Nie wyłączaj czytnika. Po pobraniu uruchomi się ponownie.;Keep the reader on. It restarts when the download is done.;No apagues el lector. Se reiniciará al terminar.;Laissez le lecteur allumé. Il redémarre à la fin.;Reader nicht ausschalten. Er startet danach neu.;Nu opri cititorul. Repornește la final.
TrKey4.SdSetupFonts;Czcionki;Fonts;Fuentes;Polices;Schriften;Fonturi
TrKey4.SdSetupBooks;Książki startowe;Starter books;Libros de inicio;Livres de départ;Startbücher;Cărți de început
TrKey4.SdSetupFailedTitle;Nie udało się pobrać;The download failed;La descarga falló;Le téléchargement a échoué;Download fehlgeschlagen;Descărcarea a eșuat
TrKey4.SdSetupFailedSub;Sprawdź Wi-Fi i spróbuj ponownie;Check the Wi-Fi and try again;Revisa el Wi-Fi e inténtalo de nuevo;Vérifiez le Wi-Fi et réessayez;WLAN prüfen und erneut versuchen;Verifică Wi-Fi-ul și încearcă din nou
TrKey4.SdSetupRetry;Ponów;Retry;Reintentar;Réessayer;Erneut;Reîncearcă
TrKey4.SdSetupDoneTitle;Karta gotowa;The card is ready;La tarjeta está lista;La carte est prête;Die Karte ist bereit;Cardul e gata
TrKey4.SdSetupDoneSub;Uruchamiam czytnik ponownie;Restarting the reader;Reiniciando el lector;Redémarrage du lecteur;Reader startet neu;Repornesc cititorul
TrKey4.CardReaderTitle;Tryb czytnika kart;Card reader mode;Modo lector de tarjetas;Mode lecteur de carte;Kartenleser-Modus;Mod cititor de card
TrKey4.CardReaderCard;Karta;Card;Tarjeta;Carte;Karte;Card
TrKey4.CardReaderFree;wolne;free;libre;libre;frei;liber
TrKey4.CardReaderBooks;książki:;books:;libros:;livres :;Bücher:;cărți:
TrKey4.CardReaderFonts;czcionki:;fonts:;fuentes:;polices :;Schriften:;fonturi:
TrKey4.CardReaderFooter;Czytanie wróci po pobraniu zasobów, formacie albo wymianie karty;Reading comes back after the download, a format or another card;La lectura vuelve tras descargar, formatear o cambiar la tarjeta;La lecture revient après téléchargement, formatage ou autre carte;Lesen geht wieder nach Download, Formatieren oder Kartenwechsel;Citirea revine după descărcare, formatare sau alt card
TrKey4.CardReaderUsb;Przez USB;Over USB;Por USB;Par USB;Per USB;Prin USB
TrKey4.CardReaderPhone;Z telefonu;From phone;Desde el móvil;Depuis le téléphone;Vom Handy;De pe telefon
